,Country Name,Country Code,1990,1991,1992,1993,1994,1995,1996,1997,1998,1999,2000,2001,2002,2003,2004,2005,2006,2007,2008,2009,2010,2011,2012,2013,2014,2015,2016,2017,2018,2019,2020,2021,2022,2023
0,Aruba,ABW,65712.0,67864.0,70192.0,72360.0,74710.0,77050.0,79417.0,81858.0,84355.0,86867.0,89101.0,90691.0,91781.0,92701.0,93540.0,94483.0,95606.0,96787.0,97996.0,99212.0,100341.0,101288.0,102112.0,102880.0,103594.0,104257.0,104874.0,105439.0,105962.0,106442.0,106585.0,106537.0,106445.0,106277.0
1,Africa Eastern and Southern,AFE,309890664.0,318544083.0,326933522.0,335625136.0,344418362.0,353466601.0,362985802.0,372352230.0,381715600.0,391486231.0,401600588.0,412001885.0,422741118.0,433807484.0,445281555.0,457153837.0,469508516.0,482406426.0,495748900.0,509410477.0,523459657.0,537792950.0,552530654.0,567892149.0,583651101.0,600008424.0,616377605.0,632746570.0,649757148.0,667242986.0,685112979.0,702977106.0,720859132.0,739108306.0
2,Afghanistan,AFG,10694796.0,10745167.0,12057433.0,14003760.0,15455555.0,16418912.0,17106595.0,17788819.0,18493132.0,19262847.0,19542982.0,19688632.0,21000256.0,22645130.0,23553551.0,24411191.0,25442944.0,25903301.0,26427199.0,27385307.0,28189672.0,29249157.0,30466479.0,31541209.0,32716210.0,33753499.0,34636207.0,35643418.0,36686784.0,37769499.0,38972230.0,40099462.0,41128771.0,42239854.0
3,Africa Western and Central,AFW,206739024.0,212172888.0,217966101.0,223788766.0,229675775.0,235861484.0,242200260.0,248713095.0,255482918.0,262397030.0,269611898.0,277160097.0,284952322.0,292977949.0,301265247.0,309824829.0,318601484.0,327612838.0,336893835.0,346475221.0,356337762.0,366489204.0,376797999.0,387204553.0,397855507.0,408690375.0,419778384.0,431138704.0,442646825.0,454306063.0,466189102.0,478185907.0,490330870.0,502789511.0
4,Angola,AGO,11828638.0,12228691.0,12632507.0,13038270.0,13462031.0,13912253.0,14383350.0,14871146.0,15366864.0,15870753.0,16394062.0,16941587.0,17516139.0,18124342.0,18771125.0,19450959.0,20162340.0,20909684.0,21691522.0,22507674.0,23364185.0,24259111.0,25188292.0,26147002.0,27128337.0,28127721.0,29154746.0,30208628.0,31273533.0,32353588.0,33428486.0,34503774.0,35588987.0,36684202.0
5,Albania,ALB,3286542.0,3266790.0,3247039.0,3227287.0,3207536.0,3187784.0,3168033.0,3148281.0,3128530.0,3108778.0,3089027.0,3060173.0,3051010.0,3039616.0,3026939.0,3011487.0,2992547.0,2970017.0,2947314.0,2927519.0,2913021.0,2905195.0,2900401.0,2895092.0,2889104.0,2880703.0,2876101.0,2873457.0,2866376.0,2854191.0,2837849.0,2811666.0,2777689.0,2745972.0
6,Andorra,AND,53569.0,55434.0,57283.0,59156.0,61037.0,62928.0,64147.0,64682.0,65186.0,65655.0,66097.0,67820.0,70849.0,73907.0,76933.0,79826.0,80221.0,78168.0,76055.0,73852.0,71519.0,70567.0,71013.0,71367.0,71621.0,71746.0,72540.0,73837.0,75013.0,76343.0,77700.0,79034.0,79824.0,80088.0
7,Arab World,ARB,225923327.0,230837072.0,236598334.0,242994250.0,249596194.0,255803349.0,261953764.0,268158920.0,274376380.0,280650496.0,287065982.0,293512340.0,300018650.0,306573087.0,313249616.0,320558754.0,328703057.0,337498222.0,346630443.0,355754908.0,364427661.0,372351065.0,380383408.0,389131555.0,397922915.0,406501999.0,415077960.0,423664839.0,432545676.0,441467739.0,449228296.0,456520777.0,464684914.0,473272080.0
8,United Arab Emirates,ARE,1900151.0,2008383.0,2116231.0,2223284.0,2329024.0,2433988.0,2572735.0,2746119.0,2921130.0,3097563.0,3275333.0,3454198.0,3633655.0,3813443.0,3993339.0,4280993.0,4898954.0,5872624.0,6988685.0,7992644.0,8481771.0,8575205.0,8664969.0,8751847.0,8835951.0,8916899.0,8994263.0,9068296.0,9140169.0,9211657.0,9287289.0,9365145.0,9441129.0,9516871.0
9,Argentina,ARG,32637657.0,33105763.0,33568285.0,34027240.0,34488696.0,34946110.0,35389362.0,35815971.0,36233195.0,36653031.0,37070774.0,37480493.0,37885028.0,38278164.0,38668796.0,39070501.0,39476851.0,39876111.0,40273769.0,40684338.0,40788453.0,41261490.0,41733271.0,42202935.0,42669500.0,43131966.0,43590368.0,44044811.0,44494502.0,44938712.0,45376763.0,45808747.0,46234830.0,46654581.0
10,Armenia,ARM,3556539.0,3617631.0,3574555.0,3457349.0,3373713.0,3322782.0,3298898.0,3271418.0,3240550.0,3206030.0,3168523.0,3133133.0,3105037.0,3084102.0,3065745.0,3047246.0,3026486.0,3004393.0,2983421.0,2964296.0,2946293.0,2928976.0,2914421.0,2901385.0,2889930.0,2878595.0,2865835.0,2851923.0,2836557.0,2820602.0,2805608.0,2790974.0,2780469.0,2777970.0
11,American Samoa,ASM,47818.0,48992.0,50078.0,51174.0,52288.0,53401.0,54500.0,55578.0,56603.0,57594.0,58230.0,58324.0,58177.0,57941.0,57626.0,57254.0,56837.0,56383.0,55891.0,55366.0,54849.0,54310.0,53691.0,52995.0,52217.0,51368.0,50448.0,49463.0,48424.0,47321.0,46189.0,45035.0,44273.0,43914.0
12,Antigua and Barbuda,ATG,63328.0,63634.0,64659.0,65834.0,67072.0,68398.0,69798.0,71218.0,72572.0,73821.0,75055.0,76215.0,77195.0,78075.0,78941.0,79869.0,80895.0,82016.0,83251.0,84534.0,85695.0,86729.0,87674.0,88497.0,89236.0,89941.0,90564.0,91119.0,91626.0,92117.0,92664.0,93219.0,93763.0,94298.0
13,Australia,AUS,17065128.0,17284036.0,17478635.0,17634808.0,17805468.0,18004882.0,18224767.0,18423037.0,18607584.0,18812264.0,19028802.0,19274701.0,19495210.0,19720737.0,19932722.0,20176844.0,20450966.0,20827622.0,21249199.0,21691653.0,22031750.0,22340024.0,22733465.0,23128129.0,23475686.0,23815995.0,24190907.0,24592588.0,24963258.0,25334826.0,25649248.0,25685412.0,26014399.0,26638544.0
14,Austria,AUT,7677850.0,7754891.0,7840709.0,7905633.0,7936118.0,7948278.0,7959017.0,7968041.0,7976789.0,7992324.0,8011566.0,8042293.0,8081957.0,8121423.0,8171966.0,8227829.0,8268641.0,8295487.0,8321496.0,8343323.0,8363404.0,8391643.0,8429991.0,8479823.0,8546356.0,8642699.0,8736668.0,8797566.0,8840521.0,8879920.0,8916864.0,8955797.0,9041851.0,9132383.0
15,Azerbaijan,AZE,7175200.0,7271300.0,7382050.0,7494800.0,7596550.0,7684850.0,7763000.0,7838250.0,7913000.0,7982750.0,8048600.0,8111200.0,8171950.0,8234100.0,8306500.0,8391850.0,8484550.0,8581300.0,8763400.0,8947243.0,9054332.0,9173082.0,9295784.0,9416801.0,9535079.0,9649341.0,9757812.0,9854033.0,9939771.0,10024283.0,10093121.0,10137750.0,10141756.0,10112555.0
16,Burundi,BDI,5483793.0,5594828.0,5743085.0,5555220.0,5586408.0,5932783.0,5930507.0,5923862.0,6035340.0,6180180.0,6307659.0,6465729.0,6648938.0,6860846.0,7120496.0,7388874.0,7658190.0,7944609.0,8278109.0,8709366.0,9126605.0,9455733.0,9795479.0,10149577.0,10494913.0,10727148.0,10903327.0,11155593.0,11493472.0,11874838.0,12220227.0,12551213.0,12889576.0,13238559.0
17,Belgium,BEL,9967379.0,10004486.0,10045158.0,10084475.0,10115603.0,10136811.0,10156637.0,10181245.0,10203008.0,10226419.0,10251250.0,10286570.0,10332785.0,10376133.0,10421137.0,10478617.0,10547958.0,10625700.0,10709973.0,10796493.0,10895586.0,11038264.0,11106932.0,11159407.0,11209057.0,11274196.0,11331422.0,11375158.0,11427054.0,11488980.0,11538604.0,11586195.0,11685814.0,11822592.0
18,Benin,BEN,5133419.0,5293046.0,5457778.0,5706181.0,5923394.0,6046511.0,6203860.0,6387026.0,6584183.0,6788589.0,6998023.0,7212041.0,7431783.0,7659208.0,7894554.0,8149419.0,8402631.0,8647761.0,8906469.0,9172514.0,9445710.0,9726380.0,10014078.0,10308730.0,10614844.0,10932783.0,11260085.0,11596779.0,11940683.0,12290444.0,12643123.0,12996895.0,13352864.0,13712828.0
19,Burkina Faso,BFA,9131361.0,9365064.0,9598555.0,9840075.0,10091256.0,10353263.0,10621210.0,10897353.0,11201063.0,11533554.0,11882888.0,12249764.0,12632269.0,13030591.0,13445977.0,13876127.0,14316242.0,14757074.0,15197915.0,15650022.0,16116845.0,16602651.0,17113732.0,17636408.0,18169842.0,18718019.0,19275498.0,19835858.0,20392723.0,20951639.0,21522626.0,22100683.0,22673762.0,23251485.0
20,Bangladesh,BGD,107147651.0,109242834.0,111272102.0,113418757.0,115614891.0,117793338.0,119876868.0,122039226.0,124350471.0,126754824.0,129193327.0,131670484.0,134139826.0,136503206.0,138789725.0,140912590.0,142628831.0,144135934.0,145421318.0,146706810.0,148391139.0,150211005.0,152090649.0,154030139.0,155961299.0,157830000.0,159784568.0,161793964.0,163683958.0,165516222.0,167420951.0,169356251.0,171186372.0,172954319.0
21,Bulgaria,BGR,8718289.0,8632367.0,8540164.0,8472313.0,8443591.0,8406067.0,8362826.0,8312068.0,8256786.0,8210624.0,8170172.0,8009142.0,7837161.0,7775327.0,7716860.0,7658972.0,7601022.0,7545338.0,7492561.0,7444443.0,7395599.0,7348328.0,7305888.0,7265115.0,7223938.0,7177991.0,7127822.0,7075947.0,7025037.0,6975761.0,6934015.0,6877743.0,6465097.0,6430370.0
22,Bahrain,BHR,517418.0,535415.0,554470.0,573755.0,593254.0,612934.0,632756.0,652643.0,672484.0,692133.0,711442.0,730257.0,748324.0,778256.0,833451.0,901921.0,970981.0,1040532.0,1110343.0,1179453.0,1213645.0,1212077.0,1224939.0,1261673.0,1311134.0,1362142.0,1409661.0,1456834.0,1487340.0,1494188.0,1477469.0,1463265.0,1472233.0,1485509.0
23,"Bahamas, The",BHS,270679.0,276058.0,281973.0,288164.0,293997.0,299554.0,304933.0,310171.0,315398.0,320272.0,325014.0,329626.0,334002.0,338490.0,343089.0,347804.0,352664.0,357666.0,362795.0,368057.0,373272.0,377950.0,382061.0,385650.0,389131.0,392697.0,395976.0,399020.0,401906.0,404557.0,406471.0,407906.0,409984.0,412623.0
24,Bosnia and Herzegovina,BIH,4494310.0,4502386.0,4275730.0,3942981.0,3762330.0,3750527.0,3907751.0,4047748.0,4115059.0,4153014.0,4179350.0,4194932.0,4198410.0,4183757.0,4142860.0,4094297.0,4058086.0,4007876.0,3943392.0,3877750.0,3811088.0,3743142.0,3674374.0,3617559.0,3571068.0,3524324.0,3480986.0,3440027.0,3400129.0,3360711.0,3318407.0,3270943.0,3233526.0,3210847.0
25,Belarus,BLR,10189348.0,10194050.0,10216470.0,10239050.0,10226955.0,10193831.0,10159569.0,10117433.0,10071963.0,10026738.0,9979610.0,9928549.0,9865548.0,9796749.0,9730146.0,9663915.0,9604924.0,9560953.0,9527985.0,9504583.0,9483836.0,9461643.0,9446836.0,9443211.0,9448515.0,9461076.0,9469379.0,9458989.0,9438785.0,9419758.0,9379952.0,9302585.0,9228071.0,9178298.0
26,Belize,BLZ,182589.0,186462.0,190299.0,194177.0,198416.0,203556.0,209840.0,217117.0,224907.0,232733.0,240406.0,248100.0,255987.0,263998.0,272128.0,280375.0,288729.0,297173.0,305671.0,314171.0,322106.0,329538.0,337059.0,344688.0,352335.0,359871.0,367313.0,374693.0,382066.0,389095.0,394921.0,400031.0,405272.0,410825.0
27,Bermuda,BMU,59326.0,59021.0,58595.0,58910.0,59320.0,59746.0,60129.0,60497.0,60943.0,61285.0,61833.0,62504.0,62912.0,63325.0,63740.0,64154.0,64523.0,64888.0,65273.0,65636.0,65124.0,64564.0,64798.0,65001.0,65138.0,65237.0,64554.0,63873.0,63918.0,63911.0,63893.0,63764.0,63595.0,63489.0
28,Bolivia,BOL,7096194.0,7244891.0,7394419.0,7544489.0,7693722.0,7841471.0,7989367.0,8137619.0,8286928.0,8439052.0,8592656.0,8746084.0,8900583.0,9057378.0,9216279.0,9377388.0,9542663.0,9711152.0,9880593.0,10051317.0,10223270.0,10396246.0,10569697.0,10743349.0,10916987.0,11090085.0,11263015.0,11435533.0,11606905.0,11777315.0,11936162.0,12079472.0,12224110.0,12388571.0
29,Brazil,BRA,150706446.0,153336445.0,155900790.0,158440875.0,160980472.0,163515328.0,166037122.0,168546707.0,171039804.0,173486281.0,175873720.0,178211881.0,180476685.0,182629278.0,184722043.0,186797334.0,188820682.0,190779453.0,192672317.0,194517549.0,196353492.0,198185302.0,199977707.0,201721767.0,203459650.0,205188205.0,206859578.0,208504960.0,210166592.0,211782878.0,213196304.0,214326223.0,215313498.0,216422446.0
30,Barbados,BRB,258868.0,259402.0,260212.0,260995.0,261712.0,262303.0,262793.0,263224.0,263642.0,264170.0,264657.0,265377.0,266455.0,267499.0,268505.0,269477.0,270425.0,271444.0,272635.0,273791.0,274711.0,275486.0,276197.0,276865.0,277493.0,278083.0,278649.0,279187.0,279688.0,280180.0,280693.0,281200.0,281635.0,281995.0
31,Brunei Darussalam,BRN,261928.0,269860.0,277416.0,284713.0,291935.0,299097.0,306196.0,313215.0,320152.0,327045.0,333926.0,340748.0,347463.0,354045.0,360461.0,366717.0,372808.0,378748.0,384568.0,390311.0,396053.0,401506.0,406634.0,411702.0,416656.0,421437.0,425994.0,430276.0,434274.0,438048.0,441725.0,445373.0,449002.0,452524.0
32,Bhutan,BTN,558442.0,567710.0,545944.0,520838.0,521260.0,527536.0,537494.0,546865.0,557143.0,570990.0,587207.0,603234.0,619048.0,634627.0,649991.0,663323.0,673260.0,681614.0,689737.0,697678.0,705516.0,713331.0,721145.0,728889.0,736357.0,743274.0,749761.0,756121.0,762096.0,767459.0,772506.0,777486.0,782455.0,787424.0
33,Botswana,BWA,1341474.0,1380584.0,1420695.0,1462262.0,1503544.0,1543634.0,1582169.0,1619354.0,1655699.0,1691558.0,1726985.0,1761930.0,1795130.0,1826863.0,1859085.0,1892807.0,1928704.0,1966977.0,2007320.0,2048997.0,2091664.0,2134037.0,2175425.0,2217278.0,2260376.0,2305171.0,2352416.0,2401840.0,2451409.0,2499702.0,2546402.0,2588423.0,2630296.0,2675352.0
34,Central African Republic,CAF,2809221.0,2898052.0,2991727.0,3089146.0,3187844.0,3276706.0,3363570.0,3458472.0,3555064.0,3655360.0,3759170.0,3844773.0,3930648.0,4026841.0,4115138.0,4208834.0,4294352.0,4375569.0,4467233.0,4564540.0,4660067.0,4732022.0,4773306.0,4802428.0,4798734.0,4819333.0,4904177.0,4996741.0,5094780.0,5209324.0,5343020.0,5457154.0,5579144.0,5742315.0
35,Canada,CAN,27691138.0,28037420.0,28371264.0,28684764.0,29000663.0,29302311.0,29610218.0,29905948.0,30155173.0,30401286.0,30685730.0,31020855.0,31359199.0,31642461.0,31938807.0,32242732.0,32571193.0,32888886.0,33247298.0,33630069.0,34005902.0,34339221.0,34713395.0,35080992.0,35434066.0,35704498.0,36110803.0,36545075.0,37072620.0,37618495.0,38028638.0,38239864.0,38939056.0,40097761.0
36,Central Europe and the Baltics,CEB,110743128.0,110469467.0,110111454.0,110041924.0,110021594.0,109864246.0,109626194.0,109422013.0,109238340.0,109060951.0,108447824.0,107660041.0,106959751.0,106624167.0,106331716.0,106041911.0,105772481.0,105378748.0,105001883.0,104800475.0,104421447.0,104174038.0,103935318.0,103713726.0,103496179.0,103257886.0,102994278.0,102740078.0,102538451.0,102398537.0,102180124.0,101413157.0,100108262.0,100156608.0
37,Switzerland,CHE,6715519.0,6799978.0,6875364.0,6938265.0,6993795.0,7040687.0,7071850.0,7088906.0,7110001.0,7143991.0,7184250.0,7229854.0,7284753.0,7339001.0,7389625.0,7437115.0,7483934.0,7551117.0,7647675.0,7743831.0,7824909.0,7912398.0,7996861.0,8089346.0,8188649.0,8282396.0,8373338.0,8451840.0,8514329.0,8575280.0,8638167.0,8704546.0,8775760.0,8849852.0
38,Channel Islands,CHI,140601.0,141557.0,142011.0,142291.0,142466.0,142559.0,142898.0,143549.0,144211.0,144811.0,145306.0,146044.0,147167.0,148341.0,149538.0,150763.0,151985.0,153225.0,154475.0,155721.0,156933.0,157819.0,158621.0,159794.0,160912.0,162190.0,163721.0,165215.0,167259.0,169410.0,171113.0,172683.0,174079.0,175346.0
39,Chile,CHL,13342868.0,13561945.0,13782297.0,13998386.0,14210674.0,14416796.0,14615483.0,14809289.0,14996742.0,15176410.0,15351799.0,15523978.0,15693790.0,15859112.0,16017966.0,16175311.0,16334575.0,16495538.0,16661462.0,16833447.0,17004162.0,17173573.0,17341771.0,17509925.0,17687108.0,17870124.0,18083879.0,18368577.0,18701450.0,19039485.0,19300315.0,19493184.0,19603733.0,19629590.0
40,China,CHN,1135185000.0,1150780000.0,1164970000.0,1178440000.0,1191835000.0,1204855000.0,1217550000.0,1230075000.0,1241935000.0,1252735000.0,1262645000.0,1271850000.0,1280400000.0,1288400000.0,1296075000.0,1303720000.0,1311020000.0,1317885000.0,1324655000.0,1331260000.0,1337705000.0,1345035000.0,1354190000.0,1363240000.0,1371860000.0,1379860000.0,1387790000.0,1396215000.0,1402760000.0,1407745000.0,1411100000.0,1412360000.0,1412175000.0,1410710000.0
41,Cote d'Ivoire,CIV,11910540.0,12369269.0,12838314.0,13316448.0,13802285.0,14299727.0,14810946.0,15335453.0,15858990.0,16345894.0,16799670.0,17245468.0,17683897.0,18116451.0,18544903.0,18970215.0,19394057.0,19817700.0,20244449.0,20677762.0,21120042.0,21562914.0,22010712.0,22469268.0,22995555.0,23596741.0,24213622.0,24848016.0,25493988.0,26147551.0,26811790.0,27478249.0,28160542.0,28873034.0
42,Cameroon,CMR,11430520.0,11777719.0,12128604.0,12486773.0,12848862.0,13211647.0,13575324.0,13941181.0,14314599.0,14698973.0,15091594.0,15493253.0,15914033.0,16354326.0,16809407.0,17275171.0,17751333.0,18251866.0,18777081.0,19319274.0,19878036.0,20448873.0,21032684.0,21632850.0,22299585.0,23012646.0,23711630.0,24393181.0,25076747.0,25782341.0,26491087.0,27198628.0,27914536.0,28647293.0
43,"Congo, Dem. Rep.",COD,35987541.0,37194812.0,38332302.0,39580844.0,41511985.0,43285791.0,44118709.0,44822198.0,45895524.0,47227238.0,48616317.0,50106657.0,51662071.0,53205639.0,54815607.0,56550247.0,58381630.0,60289422.0,62249724.0,64270232.0,66391257.0,68654269.0,70997870.0,73460021.0,76035588.0,78656904.0,81430977.0,84283273.0,87087355.0,89906890.0,92853164.0,95894118.0,99010212.0,102262808.0
44,"Congo, Rep.",COG,2385435.0,2452675.0,2520958.0,2594168.0,2669220.0,2742309.0,2816595.0,2875037.0,2937166.0,3016659.0,3134030.0,3254101.0,3331158.0,3424653.0,3543012.0,3672839.0,3813323.0,3956329.0,4089602.0,4257230.0,4437884.0,4584216.0,4713257.0,4828066.0,4944861.0,5064386.0,5186824.0,5312340.0,5441062.0,5570733.0,5702174.0,5835806.0,5970424.0,6106869.0
45,Colombia,COL,32601393.0,33272628.0,33939039.0,34614735.0,35295461.0,35970101.0,36632573.0,37291946.0,37944414.0,38585033.0,39215135.0,39837875.0,40454050.0,41057687.0,41648268.0,42220940.0,42772910.0,43306582.0,43815313.0,44313917.0,44816108.0,45308899.0,45782417.0,46237930.0,46677947.0,47119728.0,47625955.0,48351671.0,49276961.0,50187406.0,50930662.0,51516562.0,51874024.0,52085168.0
46,Comoros,COM,431119.0,442277.0,452990.0,463318.0,473478.0,483760.0,494288.0,505033.0,515959.0,526443.0,536758.0,547741.0,559047.0,570130.0,581154.0,592683.0,604658.0,616899.0,629470.0,642493.0,656024.0,670071.0,684553.0,699393.0,714612.0,730216.0,746232.0,761664.0,776313.0,790986.0,806166.0,821625.0,836774.0,852075.0
47,Cabo Verde,CPV,364563.0,372721.0,381947.0,391749.0,401655.0,411382.0,421007.0,430654.0,440214.0,449627.0,458251.0,465958.0,473231.0,480089.0,486583.0,492827.0,498884.0,504733.0,510336.0,515638.0,521212.0,527521.0,533864.0,539940.0,546076.0,552166.0,558394.0,564954.0,571202.0,577030.0,582640.0,587925.0,593149.0,598682.0
48,Costa Rica,CRI,3158253.0,3239414.0,3321939.0,3405372.0,3489152.0,3572856.0,3656234.0,3739421.0,3821421.0,3901430.0,3979193.0,4053222.0,4122623.0,4188610.0,4252800.0,4315887.0,4378172.0,4440019.0,4501921.0,4563127.0,4622252.0,4679926.0,4736593.0,4791535.0,4844288.0,4895242.0,4945205.0,4993842.0,5040734.0,5084532.0,5123105.0,5153957.0,5180829.0,5212173.0
49,Caribbean small states,CSS,2399288.0,2412122.0,2432356.0,2453739.0,2476169.0,2502323.0,2530137.0,2557844.0,2585353.0,2612065.0,2637733.0,2662831.0,2687634.0,2712172.0,2735176.0,2756536.0,2777604.0,2798623.0,2819748.0,2840648.0,2860236.0,2878168.0,2898802.0,2922026.0,2945840.0,2969980.0,2993247.0,3016651.0,3058106.0,3090374.0,3106185.0,3128519.0,3147057.0,3167738.0
50,Cuba,CUB,10626680.0,10713812.0,10783748.0,10840934.0,10887207.0,10926703.0,10963031.0,10998129.0,11033758.0,11070094.0,11105791.0,11139127.0,11170051.0,11199217.0,11225294.0,11246114.0,11260630.0,11269887.0,11276609.0,11283185.0,11290417.0,11298710.0,11309290.0,11321579.0,11332026.0,11339894.0,11342012.0,11336405.0,11328244.0,11316697.0,11300698.0,11256372.0,11212191.0,11194449.0
51,Curacao,CUW,145400.0,144403.0,143912.0,144299.0,144630.0,145139.0,146306.0,146956.0,144472.0,139428.0,133860.0,129047.0,129205.0,131897.0,134192.0,137658.0,141239.0,144056.0,145880.0,146833.0,148703.0,150831.0,152088.0,153822.0,155909.0,157980.0,159664.0,160175.0,159336.0,157441.0,154947.0,152369.0,149996.0,147862.0
52,Cayman Islands,CYM,26027.0,27340.0,28677.0,30038.0,31418.0,32802.0,34194.0,35579.0,36947.0,38295.0,39658.0,41054.0,42456.0,43862.0,45286.0,46727.0,48177.0,49647.0,51123.0,52602.0,54074.0,55492.0,56860.0,58212.0,59559.0,60911.0,62255.0,63581.0,64884.0,66134.0,67311.0,68136.0,68706.0,69310.0
53,Cyprus,CYP,788500.0,799061.0,810431.0,825986.0,844444.0,862418.0,880058.0,897471.0,914660.0,931600.0,948237.0,964830.0,982194.0,1000350.0,1018684.0,1037062.0,1055438.0,1073873.0,1092390.0,1110974.0,1129686.0,1145086.0,1156556.0,1166968.0,1176995.0,1187280.0,1197881.0,1208523.0,1218831.0,1228836.0,1237537.0,1244188.0,1251488.0,1260138.0
54,Czechia,CZE,10333355.0,10308578.0,10319123.0,10329855.0,10333587.0,10327253.0,10315241.0,10304131.0,10294373.0,10283860.0,10255063.0,10216605.0,10196916.0,10193998.0,10197101.0,10211216.0,10238905.0,10298828.0,10384603.0,10443936.0,10474410.0,10496088.0,10510785.0,10514272.0,10525347.0,10546059.0,10566332.0,10594438.0,10629928.0,10671870.0,10697858.0,10505772.0,10672118.0,10873689.0
55,Germany,DEU,79433029.0,80013896.0,80624598.0,81156363.0,81438348.0,81678051.0,81914831.0,82034771.0,82047195.0,82100243.0,82211508.0,82349925.0,82488495.0,82534176.0,82516260.0,82469422.0,82376451.0,82266372.0,82110097.0,81902307.0,81776930.0,80274983.0,80425823.0,80645605.0,80982500.0,81686611.0,82348669.0,82657002.0,82905782.0,83092962.0,83160871.0,83196078.0,83797985.0,84482267.0
56,Djibouti,DJI,577173.0,628521.0,623197.0,611231.0,623477.0,629619.0,644649.0,667786.0,694920.0,719371.0,742033.0,765490.0,789129.0,806411.0,818373.0,830861.0,846947.0,865196.0,882886.0,901103.0,919199.0,936811.0,954297.0,971753.0,989087.0,1006259.0,1023261.0,1040233.0,1057198.0,1073994.0,1090156.0,1105557.0,1120849.0,1136455.0
57,Dominica,DMA,69481.0,69141.0,69112.0,69169.0,69198.0,69201.0,69166.0,69081.0,68938.0,68698.0,68346.0,68153.0,68262.0,68442.0,68574.0,68674.0,68742.0,68775.0,68782.0,68787.0,68755.0,68742.0,68888.0,68819.0,69371.0,70007.0,70075.0,70403.0,70823.0,71428.0,71995.0,72412.0,72737.0,73040.0
58,Denmark,DNK,5140939.0,5154298.0,5171370.0,5188628.0,5206180.0,5233373.0,5263074.0,5284991.0,5304219.0,5321799.0,5339616.0,5358783.0,5375931.0,5390574.0,5404523.0,5419432.0,5437272.0,5461438.0,5493621.0,5523095.0,5547683.0,5570572.0,5591572.0,5614932.0,5643475.0,5683483.0,5728010.0,5764980.0,5793636.0,5814422.0,5831404.0,5856733.0,5903037.0,5946952.0
59,Dominican Republic,DOM,7129004.0,7278402.0,7427340.0,7576074.0,7723934.0,7869753.0,8012314.0,8150076.0,8282126.0,8411374.0,8540791.0,8669040.0,8795101.0,8919852.0,9043127.0,9164768.0,9284168.0,9402206.0,9522948.0,9648061.0,9775755.0,9903737.0,10030882.0,10157051.0,10282115.0,10405832.0,10527592.0,10647244.0,10765531.0,10881882.0,10999664.0,11117873.0,11228821.0,11332972.0
60,Algeria,DZA,25518074.0,26133905.0,26748303.0,27354327.0,27937006.0,28478022.0,28984634.0,29476031.0,29924668.0,30346083.0,30774621.0,31200985.0,31624696.0,32055883.0,32510186.0,32956690.0,33435080.0,33983827.0,34569592.0,35196037.0,35856344.0,36543541.0,37260563.0,38000626.0,38760168.0,39543154.0,40339329.0,41136546.0,41927007.0,42705368.0,43451666.0,44177969.0,44903225.0,45606480.0
61,East Asia & Pacific (excluding high income),EAP,1601222039.0,1625888128.0,1649237070.0,1671930685.0,1694403785.0,1716310165.0,1737842789.0,1759202933.0,1779768710.0,1798994292.0,1816986829.0,1834082049.0,1850453077.0,1866220978.0,1881541652.0,1896768430.0,1911702057.0,1926287101.0,1940749039.0,1955023279.0,1969168373.0,1984249541.0,2001246209.0,2018050656.0,2034247084.0,2049740052.0,2065155186.0,2080901482.0,2094506990.0,2106374009.0,2116360715.0,2123610397.0,2129094071.0,2133652241.0
62,Early-demographic dividend,EAR,2041043553.0,2088580891.0,2134566607.0,2179380224.0,2223076958.0,2267616622.0,2314334474.0,2361095210.0,2407186134.0,2452952807.0,2499206970.0,2545843129.0,2591204247.0,2635731526.0,2680567394.0,2725013738.0,2769421149.0,2813790790.0,2857587007.0,2901329923.0,2946285613.0,2991403487.0,3035159632.0,3078407213.0,3121656203.0,3165214886.0,3208369547.0,3250752755.0,3292896609.0,3334561751.0,3374383528.0,3411268373.0,3447398652.0,3486290439.0
63,East Asia & Pacific,EAS,1818247576.0,1844603995.0,1869453624.0,1893594516.0,1917553356.0,1940892820.0,1964042971.0,1986768093.0,2008680261.0,2028993034.0,2048148696.0,2066530023.0,2083969920.0,2100610344.0,2116651449.0,2132517760.0,2148405823.0,2164155292.0,2179914111.0,2195169711.0,2210203758.0,2225992094.0,2243776727.0,2261274500.0,2278232287.0,2294507020.0,2310721864.0,2327132966.0,2341383691.0,2353856866.0,2363934334.0,2370214403.0,2375208613.0,2380601170.0
64,Europe & Central Asia (excluding high income),ECA,205274329.0,207469747.0,209295467.0,210691828.0,211613719.0,212235863.0,213252888.0,214167783.0,214788022.0,215247930.0,216002444.0,216892662.0,217808502.0,218779991.0,219860219.0,220987094.0,222181747.0,223150949.0,224757863.0,226581984.0,228742156.0,230906639.0,232735642.0,234709774.0,236718663.0,238848390.0,240976831.0,243006453.0,245052675.0,247195931.0,248913167.0,250663105.0,246915820.0,247474425.0
65,Europe & Central Asia,ECS,842133494.0,846468500.0,849923742.0,852844448.0,855003604.0,856623954.0,858323941.0,859830347.0,861000616.0,861975173.0,862909497.0,864048235.0,865618646.0,867833353.0,870382097.0,873001450.0,875680116.0,878472460.0,882068986.0,885603905.0,889077806.0,891273900.0,894705970.0,898764759.0,902938502.0,907094808.0,911173722.0,914748588.0,918181600.0,921212388.0,923384672.0,924168763.0,920988359.0,923929755.0
66,Ecuador,ECU,10449837.0,10686279.0,10914222.0,11132829.0,11347652.0,11561683.0,11775221.0,11987838.0,12199693.0,12412046.0,12626507.0,12845521.0,13070609.0,13301184.0,13534593.0,13770012.0,14009061.0,14251835.0,14496797.0,14742766.0,14989585.0,15237728.0,15483883.0,15722989.0,15957994.0,16195902.0,16439585.0,16696944.0,17015672.0,17343740.0,17588595.0,17797737.0,18001000.0,18190484.0
67,"Egypt, Arab Rep.",EGY,57214630.0,58611032.0,59989142.0,61382200.0,62775847.0,64166908.0,65565195.0,66993728.0,68446011.0,69907887.0,71371371.0,72854261.0,74393759.0,75963322.0,77522427.0,79075310.0,80629670.0,82218755.0,83844783.0,85501064.0,87252413.0,89200054.0,91240376.0,93377890.0,95592324.0,97723799.0,99784030.0,101789386.0,103740765.0,105618671.0,107465134.0,109262178.0,110990103.0,112716598.0
68,Euro area,EMU,315870845.0,317411362.0,318746422.0,320056200.0,321026530.0,321810273.0,322570180.0,323308056.0,323978576.0,324784751.0,325792924.0,326862028.0,328443707.0,330208234.0,332006792.0,333709006.0,335250759.0,336971054.0,338599969.0,339682801.0,340467048.0,339722971.0,340450693.0,341584506.0,342725321.0,343718279.0,344683796.0,345370612.0,346153001.0,346517987.0,346961127.0,346942960.0,348331552.0,350357398.0
69,Eritrea,ERI,2149960.0,2039220.0,1921153.0,1981419.0,2042500.0,2157220.0,2264073.0,2291561.0,2322753.0,2356477.0,2392880.0,2461927.0,2547424.0,2653390.0,2763140.0,2831732.0,2880093.0,2926168.0,3005779.0,3083888.0,3147727.0,3207570.0,3252596.0,3296367.0,3323425.0,3340006.0,3365287.0,3396933.0,3445374.0,3498818.0,3555868.0,3620312.0,3684032.0,3748901.0
70,Spain,ESP,38867322.0,38966376.0,39157685.0,39361262.0,39549108.0,39724050.0,39889852.0,40057389.0,40223509.0,40386875.0,40567864.0,40850412.0,41431558.0,42187645.0,42921895.0,43653155.0,44397319.0,45226803.0,45954106.0,46362946.0,46576897.0,46742697.0,46773055.0,46620045.0,46480882.0,46444832.0,46484062.0,46593236.0,46797754.0,47134837.0,47365655.0,47415794.0,47778340.0,48373336.0
71,Estonia,EST,1569174.0,1561314.0,1533091.0,1494128.0,1462514.0,1436634.0,1415594.0,1399535.0,1386156.0,1390244.0,1396985.0,1388115.0,1379350.0,1370720.0,1362550.0,1354775.0,1346810.0,1340680.0,1337090.0,1334515.0,1331475.0,1327439.0,1322696.0,1317997.0,1314545.0,1315407.0,1315790.0,1317384.0,1321977.0,1326898.0,1329522.0,1330932.0,1348840.0,1366188.0
72,Ethiopia,ETH,47878073.0,49937430.0,52011554.0,53791672.0,55620211.0,57476536.0,59347649.0,61233480.0,63136493.0,65077579.0,67031867.0,69018932.0,71073215.0,73168838.0,75301026.0,77469940.0,79691050.0,81996185.0,84357105.0,86755585.0,89237791.0,91817929.0,94451280.0,97084366.0,99746766.0,102471895.0,105293228.0,108197950.0,111129438.0,114120594.0,117190911.0,120283026.0,123379924.0,126527060.0
73,European Union,EUU,420308868.0,421744728.0,422972438.0,424347768.0,425406851.0,426212138.0,426906931.0,427549432.0,428122323.0,428828749.0,429342455.0,429910140.0,430898141.0,432434810.0,434059923.0,435600393.0,437014860.0,438484072.0,439892213.0,440934530.0,441552554.0,440769682.0,441419873.0,442496175.0,443601373.0,444570054.0,445515422.0,446215182.0,447001100.0,447367191.0,447692315.0,447178093.0,447370551.0,449476878.0
74,Fragile and conflict affected situations,FCS,483150347.0,493951561.0,506399343.0,519989331.0,534524440.0,548658108.0,561040609.0,573237237.0,585939751.0,599275261.0,612751355.0,626553787.0,641963096.0,658162649.0,674132661.0,690520612.0,707248050.0,723930164.0,741362383.0,759831151.0,778734290.0,797793348.0,817412582.0,837410155.0,857018106.0,876449625.0,896306261.0,916477490.0,936789597.0,957873862.0,979839336.0,1001870564.0,1019145355.0,1042703808.0
75,Finland,FIN,4986431.0,5013740.0,5041992.0,5066447.0,5088333.0,5107790.0,5124573.0,5139835.0,5153498.0,5165474.0,5176209.0,5188008.0,5200598.0,5213014.0,5228172.0,5246096.0,5266268.0,5288720.0,5313399.0,5338871.0,5363352.0,5388272.0,5413971.0,5438972.0,5461512.0,5479531.0,5495303.0,5508214.0,5515525.0,5521606.0,5529543.0,5541017.0,5556106.0,5584264.0
76,Fiji,FJI,780430.0,784832.0,786859.0,789198.0,790803.0,792246.0,796538.0,804572.0,813947.0,823422.0,832509.0,841320.0,849891.0,858306.0,866694.0,874923.0,883083.0,890648.0,896731.0,901383.0,905169.0,908355.0,911059.0,913453.0,915560.0,917200.0,918371.0,919019.0,918996.0,918465.0,920422.0,924610.0,929766.0,936375.0
77,France,FRA,58044701.0,58557577.0,58849943.0,59106166.0,59327585.0,59543659.0,59756533.0,59969944.0,60192790.0,60504420.0,60921384.0,61367388.0,61816234.0,62256970.0,62716306.0,63188395.0,63628261.0,64021737.0,64379696.0,64710879.0,65030575.0,65345233.0,65662240.0,66002289.0,66312067.0,66548272.0,66724104.0,66918020.0,67158348.0,67388001.0,67571107.0,67764304.0,67971311.0,68170228.0
78,Faroe Islands,FRO,47479.0,46810.0,46005.0,45096.0,44131.0,43805.0,44138.0,44495.0,44865.0,45203.0,45660.0,46245.0,46813.0,47392.0,47989.0,48291.0,48313.0,48361.0,48411.0,48429.0,48410.0,48386.0,48392.0,48418.0,48465.0,48816.0,49500.0,50230.0,50955.0,51681.0,52415.0,52889.0,53090.0,53270.0
79,"Micronesia, Fed. Sts.",FSM,98603.0,100427.0,102893.0,106030.0,108844.0,110328.0,110785.0,111133.0,111406.0,111539.0,111709.0,111948.0,111992.0,111805.0,111438.0,110940.0,110301.0,109532.0,108704.0,107868.0,107588.0,107887.0,108232.0,108609.0,109024.0,109462.0,109925.0,110430.0,110929.0,111379.0,112106.0,113131.0,114164.0,115224.0
80,Gabon,GAB,983028.0,1009995.0,1037446.0,1065390.0,1093611.0,1121964.0,1150601.0,1179806.0,1209832.0,1240764.0,1272935.0,1306590.0,1341696.0,1378398.0,1417110.0,1458353.0,1502534.0,1549774.0,1599978.0,1653542.0,1711105.0,1772500.0,1836705.0,1902226.0,1966855.0,2028517.0,2086206.0,2140215.0,2192012.0,2242785.0,2292573.0,2341179.0,2388992.0,2436566.0
81,United Kingdom,GBR,57247586.0,57424897.0,57580402.0,57718614.0,57865745.0,58019030.0,58166950.0,58316954.0,58487141.0,58682466.0,58892514.0,59119673.0,59370479.0,59647577.0,59987905.0,60401206.0,60846820.0,61322463.0,61806995.0,62276270.0,62766365.0,63258810.0,63700215.0,64128273.0,64602298.0,65116219.0,65611593.0,66058859.0,66460344.0,66836327.0,67081234.0,67026292.0,67791000.0,68350000.0
82,Georgia,GEO,4802000.0,4835900.0,4873500.0,4911100.0,4836076.0,4657722.0,4491699.0,4349913.0,4243607.0,4157192.0,4077131.0,4014373.0,3978515.0,3951736.0,3927340.0,3902469.0,3880347.0,3860158.0,3848449.0,3814419.0,3786695.0,3756441.0,3728874.0,3717668.0,3719414.0,3725276.0,3727505.0,3728004.0,3726549.0,3720161.0,3722716.0,3708610.0,3712502.0,3760365.0
83,Ghana,GHA,15446982.0,15843471.0,16241548.0,16643633.0,17040854.0,17438874.0,17844010.0,18268040.0,18714708.0,19176791.0,19665502.0,20195577.0,20758326.0,21329514.0,21906444.0,22496951.0,23098586.0,23708320.0,24326087.0,24950762.0,25574719.0,26205941.0,26858762.0,27525597.0,28196358.0,28870939.0,29554303.0,30222262.0,30870641.0,31522290.0,32180401.0,32833031.0,33475870.0,34121985.0
84,Gibraltar,GIB,27317.0,26988.0,26945.0,27118.0,27282.0,27412.0,27491.0,27564.0,27636.0,27695.0,27741.0,27721.0,27892.0,28301.0,28716.0,29155.0,29587.0,29996.0,30398.0,30819.0,31262.0,31701.0,32160.0,32411.0,32452.0,32520.0,32565.0,32602.0,32648.0,32685.0,32709.0,32669.0,32649.0,32688.0
85,Guinea,GIN,6354145.0,6615734.0,6832195.0,7046097.0,7262112.0,7468347.0,7683115.0,7842806.0,7992545.0,8174897.0,8336967.0,8445717.0,8577790.0,8772254.0,8961039.0,9140114.0,9330625.0,9547082.0,9779785.0,10021323.0,10270728.0,10527712.0,10788692.0,11055430.0,11333365.0,11625998.0,11930985.0,12240789.0,12554864.0,12877539.0,13205153.0,13531906.0,13859341.0,14190612.0
86,"Gambia, The",GMB,1040616.0,1083536.0,1127152.0,1168309.0,1205882.0,1242155.0,1279070.0,1317002.0,1356189.0,1396499.0,1437539.0,1479449.0,1522223.0,1566257.0,1612225.0,1660368.0,1711294.0,1764883.0,1820542.0,1878119.0,1937275.0,1998212.0,2061014.0,2124869.0,2189019.0,2253133.0,2317206.0,2381182.0,2444916.0,2508883.0,2573995.0,2639916.0,2705992.0,2773168.0
87,Guinea-Bissau,GNB,973551.0,993856.0,1022904.0,1056761.0,1089617.0,1117222.0,1140604.0,1162443.0,1184071.0,1206474.0,1230849.0,1257380.0,1285678.0,1315653.0,1347009.0,1379713.0,1414091.0,1450572.0,1488431.0,1527196.0,1567220.0,1609017.0,1652717.0,1697753.0,1743309.0,1788919.0,1834552.0,1879826.0,1924955.0,1970457.0,2015828.0,2060721.0,2105566.0,2150842.0
88,Equatorial Guinea,GNQ,465549.0,483142.0,501334.0,520236.0,539992.0,560740.0,582573.0,605570.0,629734.0,655029.0,684977.0,719270.0,754115.0,789681.0,826355.0,864726.0,905418.0,948814.0,994971.0,1043686.0,1094524.0,1144588.0,1193636.0,1243941.0,1295183.0,1346973.0,1398927.0,1450694.0,1502091.0,1553031.0,1596049.0,1634466.0,1674908.0,1714671.0
89,Greece,GRC,10196792.0,10319927.0,10399061.0,10460415.0,10512922.0,10562153.0,10608800.0,10661259.0,10720509.0,10761698.0,10805808.0,10862132.0,10902022.0,10928070.0,10955141.0,10987314.0,11020362.0,11048473.0,11077841.0,11107017.0,11121341.0,11104899.0,11045011.0,10965211.0,10892413.0,10820883.0,10775971.0,10754679.0,10732882.0,10721582.0,10698599.0,10569207.0,10426919.0,10361295.0
90,Grenada,GRD,99047.0,99758.0,101040.0,102173.0,103174.0,104060.0,104846.0,105549.0,106200.0,106823.0,107432.0,107936.0,108231.0,108740.0,109516.0,110254.0,110988.0,111725.0,112478.0,113249.0,114039.0,114918.0,115912.0,116945.0,117972.0,118980.0,119966.0,120921.0,121838.0,122724.0,123663.0,124610.0,125438.0,126183.0
91,Greenland,GRL,55600.0,55500.0,55300.0,55200.0,55500.0,55800.0,55900.0,56000.0,56100.0,56100.0,56200.0,56350.0,56609.0,56765.0,56911.0,56935.0,56774.0,56555.0,56328.0,56323.0,56905.0,56890.0,56810.0,56483.0,56295.0,56114.0,56186.0,56172.0,56023.0,56225.0,56367.0,56653.0,56661.0,56865.0
92,Guatemala,GTM,9050115.0,9296814.0,9544055.0,9790619.0,10037522.0,10286786.0,10536942.0,10788362.0,11046215.0,11311078.0,11589761.0,11871565.0,12147518.0,12415334.0,12682108.0,12948292.0,13213330.0,13477017.0,13739299.0,14000190.0,14259687.0,14521515.0,14781942.0,15043981.0,15306316.0,15567419.0,15827690.0,16087418.0,16346950.0,16604026.0,16858333.0,17109746.0,17357886.0,17602431.0
93,Guam,GUM,138263.0,140739.0,143173.0,145541.0,147843.0,150094.0,152261.0,154330.0,156357.0,158395.0,160188.0,161524.0,162563.0,163385.0,164004.0,164430.0,164675.0,164763.0,164725.0,164580.0,164905.0,165649.0,166392.0,167054.0,167543.0,167978.0,168346.0,168606.0,168678.0,168624.0,169231.0,170534.0,171774.0,172952.0
94,Guyana,GUY,747116.0,744096.0,744998.0,747189.0,749546.0,751689.0,753571.0,755211.0,756697.0,758014.0,759051.0,759809.0,760323.0,760562.0,760424.0,759709.0,758367.0,756521.0,754150.0,751258.0,747932.0,744230.0,743966.0,747420.0,751115.0,755031.0,759087.0,763252.0,785514.0,798753.0,797202.0,804567.0,808726.0,813834.0
95,High income,HIC,1184203705.0,1192917410.0,1201571467.0,1209574376.0,1217016521.0,1224100529.0,1231090974.0,1237913846.0,1244547641.0,1250881910.0,1256926406.0,1262875491.0,1268844485.0,1274957396.0,1281374060.0,1288177967.0,1296180548.0,1305161431.0,1314663441.0,1323316736.0,1330723736.0,1335858758.0,1342743557.0,1349905020.0,1357161865.0,1364282269.0,1371516373.0,1377929189.0,1383955367.0,1389172209.0,1393950970.0,1392964458.0,1395940386.0,1403021503.0
96,"Hong Kong SAR, China",HKG,5704500.0,5752000.0,5800500.0,5901000.0,6035400.0,6156100.0,6435500.0,6489300.0,6543700.0,6606500.0,6665000.0,6714300.0,6744100.0,6730800.0,6783500.0,6813200.0,6857100.0,6916300.0,6957800.0,6972800.0,7024200.0,7071600.0,7150100.0,7178900.0,7229500.0,7291300.0,7336600.0,7393200.0,7452600.0,7507900.0,7481000.0,7413100.0,7346100.0,7536100.0
97,Honduras,HND,5053234.0,5196887.0,5344774.0,5496841.0,5652934.0,5812832.0,5976550.0,6144112.0,6308537.0,6477365.0,6656725.0,6837861.0,7019908.0,7201881.0,7383407.0,7564613.0,7745200.0,7924462.0,8101777.0,8277302.0,8450933.0,8622504.0,8792367.0,8960657.0,9127846.0,9294505.0,9460798.0,9626842.0,9792850.0,9958829.0,10121763.0,10278345.0,10432860.0,10593798.0
98,Heavily indebted poor countries (HIPC),HPC,358121820.0,367531126.0,378502714.0,390576688.0,402287229.0,413913354.0,425839678.0,437721228.0,449883034.0,462533086.0,475127894.0,488040621.0,502494432.0,517663749.0,532571131.0,547936900.0,563930944.0,579864063.0,596301357.0,613535903.0,630953183.0,648927117.0,667520863.0,686620331.0,706617213.0,727129254.0,748356635.0,770390212.0,792615894.0,815100831.0,838066650.0,861156745.0,884288332.0,907995430.0
99,Croatia,HRV,4777368.0,4689022.0,4575818.0,4600463.0,4652024.0,4620030.0,4557097.0,4534920.0,4532135.0,4512597.0,4468302.0,4299642.0,4302174.0,4303399.0,4304600.0,4310145.0,4311159.0,4310217.0,4309705.0,4305181.0,4295427.0,4280622.0,4267558.0,4255689.0,4238389.0,4203604.0,4174349.0,4124531.0,4087843.0,4065253.0,4047680.0,3878981.0,3855641.0,3853200.0
100,Haiti,HTI,6925331.0,7066055.0,7205780.0,7345940.0,7486091.0,7627316.0,7770593.0,7915172.0,8060896.0,8208941.0,8360225.0,8511728.0,8661546.0,8812245.0,8961489.0,9111900.0,9266288.0,9420826.0,9575247.0,9730638.0,9842880.0,9954312.0,10108539.0,10261206.0,10412740.0,10563757.0,10713849.0,10863543.0,11012421.0,11160438.0,11306801.0,11447569.0,11584996.0,11724763.0
101,Hungary,HUN,10373988.0,10373400.0,10369341.0,10357523.0,10343355.0,10328965.0,10311238.0,10290486.0,10266570.0,10237530.0,10210971.0,10187576.0,10158608.0,10129552.0,10107146.0,10087065.0,10071370.0,10055780.0,10038188.0,10022650.0,10000023.0,9971727.0,9920362.0,9893082.0,9866468.0,9843028.0,9814023.0,9787966.0,9775564.0,9771141.0,9750149.0,9709891.0,9643048.0,9589872.0
102,IBRD only,IBD,3453648037.0,3511638756.0,3566912141.0,3620616438.0,3673830207.0,3726486149.0,3778679694.0,3830663657.0,3881872613.0,3931470705.0,3979356320.0,4026403756.0,4072303744.0,4117630166.0,4162927496.0,4207824263.0,4251458316.0,4293654594.0,4336867656.0,4380820406.0,4424528755.0,4469961043.0,4517846874.0,4566948798.0,4615651856.0,4662836842.0,4708313438.0,4752675645.0,4794094269.0,4832585266.0,4866828116.0,4894666421.0,4912348798.0,4937047867.0
103,IDA & IBRD total,IBT,4320048688.0,4400467505.0,4479108518.0,4557323479.0,4635143097.0,4712519365.0,4789922904.0,4867134757.0,4943812366.0,5019457363.0,5094293697.0,5169110817.0,5243694285.0,5317975833.0,5392175010.0,5466351480.0,5540049563.0,5612877854.0,5686788085.0,5762203524.0,5838903143.0,5917936328.0,5998753810.0,6079936045.0,6160835364.0,6240908648.0,6320624467.0,6400602851.0,6478776303.0,6555193386.0,6628629499.0,6696373761.0,6754104791.0,6819750360.0
104,IDA total,IDA,866400651.0,888828749.0,912196377.0,936707041.0,961312890.0,986033216.0,1011243210.0,1036471100.0,1061939753.0,1087986658.0,1114937377.0,1142707061.0,1171390541.0,1200345667.0,1229247514.0,1258527217.0,1288591247.0,1319223260.0,1349920429.0,1381383118.0,1414374388.0,1447975285.0,1480906936.0,1512987247.0,1545183508.0,1578071806.0,1612311029.0,1647927206.0,1684682034.0,1722608120.0,1761801383.0,1801707340.0,1841755993.0,1882702493.0
105,IDA blend,IDB,285458430.0,293790697.0,301587423.0,309380669.0,317628977.0,326152635.0,335062226.0,344022548.0,353079757.0,362258853.0,372181624.0,382432118.0,392011236.0,401318288.0,410960215.0,420690092.0,430617236.0,440957937.0,451665010.0,462819210.0,474626536.0,486354807.0,497317025.0,507906365.0,518378284.0,528669692.0,538868249.0,549511044.0,560698093.0,572192040.0,584212703.0,596608333.0,609342910.0,622553200.0
106,Indonesia,IDN,182159874.0,185361228.0,188558416.0,191737287.0,194928533.0,198140162.0,201373791.0,204628007.0,207855486.0,210996910.0,214072421.0,217112437.0,220115092.0,223080121.0,225938595.0,228805144.0,231797427.0,234858289.0,237936543.0,240981299.0,244016173.0,247099697.0,250222695.0,253275918.0,256229761.0,259091970.0,261850182.0,264498852.0,267066843.0,269582878.0,271857970.0,273753191.0,275501339.0,277534122.0
107,IDA only,IDX,580942221.0,595038052.0,610608954.0,627326372.0,643683913.0,659880581.0,676180984.0,692448552.0,708859996.0,725727805.0,742755753.0,760274943.0,779379305.0,799027379.0,818287299.0,837837125.0,857974011.0,878265323.0,898255419.0,918563908.0,939747852.0,961620478.0,983589911.0,1005080882.0,1026805224.0,1049402114.0,1073442780.0,1098416162.0,1123983941.0,1150416080.0,1177588680.0,1205099007.0,1232413083.0,1260149293.0
108,Isle of Man,IMN,68865.0,69770.0,70307.0,70710.0,71094.0,71454.0,71981.0,72793.0,73727.0,74668.0,75562.0,76398.0,77183.0,77939.0,78677.0,79415.0,80228.0,81100.0,81997.0,82915.0,83828.0,84350.0,84338.0,84144.0,83896.0,83593.0,83450.0,83580.0,83775.0,83933.0,84046.0,84263.0,84519.0,84710.0
109,India,IND,870452165.0,888941756.0,907574049.0,926351297.0,945261958.0,964279129.0,983281218.0,1002335230.0,1021434576.0,1040500054.0,1059633675.0,1078970907.0,1098313039.0,1117415123.0,1136264583.0,1154638713.0,1172373788.0,1189691809.0,1206734806.0,1223640160.0,1240613620.0,1257621191.0,1274487215.0,1291132063.0,1307246509.0,1322866505.0,1338636340.0,1354195680.0,1369003306.0,1383112050.0,1396387127.0,1407563842.0,1417173173.0,1428627663.0
110,Not classified,INX,,,,,,,,,,,,,,,,,,,,,,,,,,,,,,,,,,
111,Ireland,IRL,3513974.0,3534235.0,3558430.0,3576261.0,3590386.0,3608841.0,3637510.0,3674171.0,3712696.0,3754786.0,3805174.0,3866243.0,3931947.0,3996521.0,4070262.0,4159914.0,4273591.0,4398942.0,4489544.0,4535375.0,4560155.0,4580084.0,4599533.0,4623816.0,4657740.0,4701957.0,4755335.0,4807388.0,4867316.0,4934340.0,4985382.0,5033164.0,5127170.0,5262382.0
112,"Iran, Islamic Rep.",IRN,55793629.0,57990883.0,59372016.0,59755430.0,59985749.0,60794809.0,61598378.0,62480533.0,63461421.0,64474745.0,65544383.0,66674851.0,67327117.0,67954699.0,69061674.0,70182594.0,71275760.0,72319418.0,73318394.0,74322685.0,75373855.0,76342971.0,77324451.0,78458928.0,79961672.0,81790841.0,83306231.0,84505076.0,85617562.0,86564202.0,87290193.0,87923432.0,88550570.0,89172767.0
113,Iraq,IRQ,17658381.0,17846378.0,18385673.0,19295818.0,20248073.0,20948858.0,21639332.0,22330770.0,23053488.0,23820734.0,24628858.0,25425663.0,26255343.0,27068823.0,27858948.0,28698684.0,28905607.0,28660887.0,29218381.0,30289040.0,31264875.0,32378061.0,33864447.0,35481800.0,36746488.0,37757813.0,38697943.0,39621162.0,40590700.0,41563520.0,42556984.0,43533592.0,44496122.0,45504560.0
114,Iceland,ISL,254826.0,257797.0,261057.0,263725.0,266021.0,267468.0,268916.0,271128.0,274047.0,277381.0,281205.0,284968.0,287523.0,289521.0,292074.0,296734.0,303782.0,311566.0,317414.0,318499.0,318041.0,319014.0,320716.0,323764.0,327386.0,330815.0,335439.0,343400.0,352721.0,360563.0,366463.0,372520.0,382003.0,393600.0
115,Israel,ISR,4660000.0,4949000.0,5123000.0,5261000.0,5399000.0,5545000.0,5692000.0,5836000.0,5971000.0,6125000.0,6289000.0,6439000.0,6570000.0,6689700.0,6809000.0,6930100.0,7053700.0,7180100.0,7308800.0,7485600.0,7623600.0,7765800.0,7910500.0,8059500.0,8215700.0,8380100.0,8546000.0,8713300.0,8882800.0,9054000.0,9215100.0,9371400.0,9557500.0,9756700.0
116,Italy,ITA,56719240.0,56758521.0,56797087.0,56831821.0,56843400.0,56844303.0,56860281.0,56890372.0,56906744.0,56916317.0,56942108.0,56974100.0,57059007.0,57313203.0,57685327.0,57969484.0,58143979.0,58438310.0,58826731.0,59095365.0,59277417.0,59379449.0,59539717.0,60233948.0,60789140.0,60730582.0,60627498.0,60536709.0,60421760.0,59729081.0,59438851.0,59133173.0,58940425.0,58761146.0
117,Jamaica,JAM,2392030.0,2411867.0,2434574.0,2459062.0,2484182.0,2509372.0,2532894.0,2554954.0,2576567.0,2596271.0,2612205.0,2625405.0,2638244.0,2651027.0,2664024.0,2676863.0,2689660.0,2701221.0,2711373.0,2722401.0,2733896.0,2746169.0,2759817.0,2773129.0,2784543.0,2794445.0,2802695.0,2808376.0,2811835.0,2813773.0,2820436.0,2827695.0,2827377.0,2825544.0
118,Jordan,JOR,3480587.0,3666379.0,3866887.0,4075759.0,4278166.0,4458195.0,4608676.0,4733665.0,4844403.0,4950775.0,5056174.0,5163310.0,5275532.0,5396117.0,5532423.0,5678534.0,6075548.0,6473457.0,6632873.0,6780493.0,6931258.0,7109980.0,7211863.0,7694814.0,8658026.0,9494246.0,9964656.0,10215381.0,10459865.0,10698683.0,10928721.0,11148278.0,11285869.0,11337052.0
119,Japan,JPN,123478000.0,123964000.0,124425000.0,124829000.0,125178000.0,125472000.0,125757000.0,126057000.0,126400000.0,126631000.0,126843000.0,127149000.0,127445000.0,127718000.0,127761000.0,127773000.0,127854000.0,128001000.0,128063000.0,128047000.0,128070000.0,127833000.0,127629000.0,127445000.0,127276000.0,127141000.0,127076000.0,126972000.0,126811000.0,126633000.0,126261000.0,125681593.0,125124989.0,124516650.0
120,Kazakhstan,KAZ,16348000.0,16451711.0,16439095.0,16380672.0,16145766.0,15816243.0,15578227.0,15334405.0,15071640.0,14928374.0,14883626.0,14858335.0,14858948.0,14909019.0,15012984.0,15147029.0,15308085.0,15484192.0,15776938.0,16092822.0,16321872.0,16557202.0,16792090.0,17035551.0,17288285.0,17542806.0,17794055.0,18037776.0,18276452.0,18513673.0,18755666.0,19191356.0,19634983.0,19900177.0
121,Kenya,KEN,23162269.0,23918235.0,24655723.0,25391830.0,26133744.0,26878347.0,27615736.0,28364264.0,29137373.0,29965129.0,30851606.0,31800343.0,32779823.0,33767122.0,34791836.0,35843010.0,36925253.0,38036793.0,39186895.0,40364444.0,41517895.0,42635144.0,43725806.0,44792368.0,45831863.0,46851488.0,47894670.0,48948137.0,49953304.0,50951450.0,51985780.0,53005614.0,54027487.0,55100586.0
122,Kyrgyz Republic,KGZ,4391200.0,4463600.0,4515400.0,4516700.0,4515100.0,4560400.0,4628400.0,4696400.0,4769000.0,4840400.0,4898400.0,4945100.0,4990700.0,5043300.0,5104700.0,5162600.0,5218400.0,5268400.0,5318700.0,5383300.0,5447900.0,5514600.0,5607200.0,5719600.0,5835500.0,5956900.0,6079500.0,6198200.0,6322800.0,6456200.0,6579900.0,6773400.0,6974900.0,7100800.0
123,Cambodia,KHM,8910808.0,9259362.0,9718215.0,10243550.0,10636353.0,10919528.0,11182612.0,11431569.0,11669077.0,11899006.0,12118841.0,12338192.0,12561779.0,12787710.0,13016371.0,13246583.0,13477779.0,13714791.0,13943888.0,14155740.0,14363532.0,14573885.0,14786640.0,14999683.0,15210817.0,15417523.0,15624584.0,15830689.0,16025238.0,16207746.0,16396860.0,16589023.0,16767842.0,16944826.0
124,Kiribati,KIR,75124.0,76612.0,77901.0,79093.0,80264.0,81481.0,82832.0,84308.0,85805.0,87289.0,88826.0,90531.0,92400.0,94302.0,96224.0,98164.0,100083.0,101998.0,103966.0,105996.0,107995.0,109871.0,111618.0,113311.0,114985.0,116707.0,118513.0,120362.0,122261.0,124241.0,126463.0,128874.0,131232.0,133515.0
125,St. Kitts and Nevis,KNA,40636.0,40542.0,40900.0,41447.0,42001.0,42550.0,43097.0,43656.0,44230.0,44825.0,45461.0,45986.0,46264.0,46431.0,46580.0,46725.0,46874.0,47015.0,47156.0,47286.0,47403.0,47581.0,47727.0,47767.0,47789.0,47790.0,47788.0,47785.0,47761.0,47712.0,47642.0,47606.0,47657.0,47755.0
126,"Korea, Rep.",KOR,42869283.0,43295704.0,43747962.0,44194628.0,44641540.0,45092991.0,45524681.0,45953580.0,46286503.0,46616677.0,47008111.0,47370164.0,47644736.0,47892330.0,48082519.0,48184561.0,48438292.0,48683638.0,49054708.0,49307835.0,49554112.0,49936638.0,50199853.0,50428893.0,50746659.0,51014947.0,51217803.0,51361911.0,51585058.0,51764822.0,51836239.0,51769539.0,51672569.0,51712619.0
127,Kuwait,KWT,1674938.0,1339500.0,1620633.0,1653645.0,1641106.0,1655222.0,1703318.0,1761468.0,1819544.0,1877427.0,1934901.0,1991674.0,2047364.0,2101506.0,2153481.0,2235403.0,2363409.0,2506769.0,2650930.0,2795550.0,2943356.0,3143825.0,3394663.0,3646518.0,3761584.0,3908743.0,4048085.0,4124904.0,4317185.0,4441100.0,4360444.0,4250114.0,4268873.0,4310108.0
128,Latin America & Caribbean (excluding high income),LAC,396328556.0,403768603.0,411115420.0,418431327.0,425740147.0,433010808.0,440183193.0,447290040.0,454334962.0,461289769.0,468125382.0,474817217.0,481353718.0,487688819.0,493917791.0,500076606.0,506094784.0,511989821.0,517759389.0,523473668.0,528978305.0,535014773.0,541048298.0,546954103.0,552781789.0,558562792.0,564377885.0,570381211.0,576620516.0,582701622.0,588011178.0,592503434.0,596596955.0,600825676.0
129,Lao PDR,LAO,4314443.0,4437225.0,4561106.0,4685296.0,4807950.0,4927432.0,5043914.0,5150538.0,5246922.0,5340056.0,5430853.0,5519707.0,5606101.0,5689065.0,5768167.0,5852970.0,5946593.0,6041348.0,6135861.0,6229930.0,6323418.0,6416327.0,6508803.0,6600742.0,6691454.0,6787419.0,6891363.0,6997917.0,7105006.0,7212053.0,7319399.0,7425057.0,7529475.0,7633779.0
130,Lebanon,LBN,3593700.0,3666734.0,3745407.0,3818796.0,3888144.0,3959640.0,4034243.0,4107551.0,4178784.0,4250020.0,4320642.0,4389200.0,4446666.0,4504807.0,4574797.0,4643044.0,4719864.0,4809608.0,4887613.0,4951135.0,4995800.0,5045056.0,5178337.0,5678851.0,6274342.0,6398940.0,6258619.0,6109252.0,5950839.0,5781907.0,5662923.0,5592631.0,5489739.0,5353930.0
131,Liberia,LBR,2209731.0,1939236.0,2052626.0,2132771.0,2125198.0,2142422.0,2203966.0,2383300.0,2639224.0,2789743.0,2895224.0,2981648.0,3060599.0,3085173.0,3122447.0,3266318.0,3455397.0,3632740.0,3783887.0,3905066.0,4019956.0,4181150.0,4331740.0,4427313.0,4519398.0,4612329.0,4706097.0,4796631.0,4889391.0,4985289.0,5087584.0,5193416.0,5302681.0,5418377.0
132,Libya,LBY,4236983.0,4341971.0,4444820.0,4544970.0,4641296.0,4733063.0,4820066.0,4902346.0,4980962.0,5057998.0,5154790.0,5275916.0,5405326.0,5542641.0,5687563.0,5837986.0,5973369.0,6097177.0,6228370.0,6360191.0,6491988.0,6188132.0,5869870.0,5985221.0,6097764.0,6192235.0,6282196.0,6378261.0,6477793.0,6569088.0,6653942.0,6735277.0,6812341.0,6888388.0
133,St. Lucia,LCA,142301.0,144268.0,146420.0,148595.0,150561.0,152348.0,153969.0,155454.0,156855.0,158256.0,159500.0,160594.0,161799.0,163047.0,164239.0,165386.0,166470.0,167518.0,168576.0,169688.0,170935.0,172145.0,173124.0,173978.0,174804.0,175623.0,176413.0,177163.0,177888.0,178583.0,179237.0,179651.0,179857.0,180251.0
134,Latin America & Caribbean,LCN,441597528.0,449847635.0,458008075.0,466139063.0,474258790.0,482331291.0,490304061.0,498199382.0,506010566.0,513714410.0,521281149.0,528688278.0,535935546.0,542976557.0,549897638.0,556739532.0,563424119.0,569972223.0,576386180.0,582738079.0,588873862.0,595510008.0,602139396.0,608642242.0,615046755.0,621390109.0,627667493.0,633795231.0,639626265.0,645293844.0,650533026.0,654978670.0,659306928.0,664155299.0
135,Least developed countries: UN classification,LDC,513410293.0,525967892.0,540073235.0,555402795.0,570349227.0,585085744.0,599913754.0,614755340.0,629930825.0,645681010.0,661430964.0,677492970.0,695099275.0,713279960.0,731086901.0,749189504.0,767538041.0,785635469.0,803947600.0,823002155.0,842807198.0,863421305.0,884653995.0,906405074.0,928661685.0,951184941.0,974516186.0,998532743.0,1022731692.0,1047426093.0,1072970944.0,1098791080.0,1124396999.0,1150346774.0
136,Low income,LIC,288759638.0,296103521.0,304997572.0,314673487.0,323847963.0,333181004.0,343031111.0,352755561.0,362458276.0,372579993.0,382593480.0,392924294.0,404771898.0,417212831.0,429354375.0,441886612.0,455313027.0,469010772.0,482640782.0,496609143.0,510897321.0,525506329.0,540002626.0,553835758.0,567702296.0,582173028.0,597683499.0,613946858.0,630865826.0,648755452.0,667053670.0,685250041.0,703727949.0,722984063.0
137,Liechtenstein,LIE,28765.0,29168.0,29581.0,30012.0,30447.0,30890.0,31337.0,31770.0,32190.0,32615.0,33026.0,33376.0,33693.0,34000.0,34300.0,34603.0,34889.0,35150.0,35401.0,35675.0,35926.0,36189.0,36505.0,36806.0,37096.0,37355.0,37609.0,37889.0,38181.0,38482.0,38756.0,39039.0,39327.0,39584.0
138,Sri Lanka,LKA,17204094.0,17416596.0,17624457.0,17825611.0,18011744.0,18177572.0,18322506.0,18449123.0,18560798.0,18670411.0,18776371.0,18920275.0,19110707.0,19303180.0,19490431.0,19673866.0,19870706.0,20078655.0,20285643.0,20482477.0,20668557.0,20859743.0,21017147.0,21131756.0,21239457.0,21336697.0,21425494.0,21506813.0,21670000.0,21803000.0,21919000.0,22156000.0,22181000.0,22037000.0
139,Lower middle income,LMC,1711089696.0,1750747711.0,1789953429.0,1829681824.0,1870097460.0,1910485587.0,1950796431.0,1991303064.0,2032158426.0,2073121889.0,2114855470.0,2157133128.0,2198877481.0,2240162906.0,2281546588.0,2322476208.0,2362904109.0,2403305272.0,2443449823.0,2483987657.0,2525974118.0,2568598935.0,2610684758.0,2653214685.0,2695950000.0,2737695800.0,2779326476.0,2821058566.0,2862391122.0,2903108878.0,2943860780.0,2983113040.0,3020375650.0,3059564861.0
140,Low & middle income,LMY,4089544168.0,4169497287.0,4247999679.0,4325985835.0,4403499627.0,4480641078.0,4558031834.0,4635223420.0,4711799589.0,4787566559.0,4863090613.0,4938731447.0,5014109152.0,5088853415.0,5163432770.0,5237940420.0,5311879939.0,5384897109.0,5458824459.0,5533964000.0,5610455957.0,5689033832.0,5769216950.0,5849715412.0,5929949445.0,6009439133.0,6088698400.0,6168617518.0,6247396829.0,6324580903.0,6398830423.0,6467799496.0,6527353351.0,6593137026.0
141,Lesotho,LSO,1798997.0,1829509.0,1858507.0,1885478.0,1910642.0,1934079.0,1955098.0,1972579.0,1985639.0,1994243.0,1998630.0,1999473.0,1997534.0,1993030.0,1985384.0,1977424.0,1976780.0,1983465.0,1995014.0,2009169.0,2022747.0,2037677.0,2054718.0,2073939.0,2095242.0,2118521.0,2143872.0,2170617.0,2198017.0,2225702.0,2254100.0,2281454.0,2305825.0,2330318.0
142,Late-demographic dividend,LTE,1847821461.0,1871805819.0,1894353796.0,1915623786.0,1936398016.0,1956331335.0,1975855844.0,1995080443.0,2013531302.0,2030612791.0,2046026051.0,2060709239.0,2074581734.0,2088087419.0,2101394737.0,2114863550.0,2128474052.0,2142072086.0,2155970810.0,2169765463.0,2182659481.0,2196448219.0,2212426916.0,2228642364.0,2244311001.0,2258792292.0,2272847109.0,2287248399.0,2299720675.0,2310338402.0,2318233156.0,2323185156.0,2325328254.0,2326833223.0
143,Lithuania,LTU,3697838.0,3704134.0,3700114.0,3682613.0,3657144.0,3629102.0,3601613.0,3575137.0,3549331.0,3524238.0,3499536.0,3470818.0,3443067.0,3415213.0,3377075.0,3322528.0,3269909.0,3231294.0,3198231.0,3162916.0,3097282.0,3028115.0,2987773.0,2957689.0,2932367.0,2904910.0,2868231.0,2828403.0,2801543.0,2794137.0,2794885.0,2800839.0,2831639.0,2871897.0
144,Luxembourg,LUX,381850.0,387000.0,392175.0,397475.0,402925.0,408625.0,414225.0,419450.0,424700.0,430475.0,436300.0,441525.0,446175.0,451630.0,458095.0,465158.0,472637.0,479993.0,488650.0,497783.0,506953.0,518347.0,530946.0,543360.0,556319.0,569604.0,582014.0,596336.0,607950.0,620001.0,630419.0,640064.0,653103.0,668606.0
145,Latvia,LVA,2663151.0,2650581.0,2614338.0,2563290.0,2520742.0,2485056.0,2457222.0,2432851.0,2410019.0,2390482.0,2367550.0,2337170.0,2310173.0,2287955.0,2263122.0,2238799.0,2218357.0,2200325.0,2177322.0,2141669.0,2097555.0,2059709.0,2034319.0,2012647.0,1993782.0,1977527.0,1959537.0,1942248.0,1927174.0,1913822.0,1900449.0,1884490.0,1879383.0,1881750.0
146,"Macao SAR, China",MAC,350227.0,362390.0,372370.0,380712.0,388779.0,396641.0,404297.0,411700.0,418776.0,425518.0,431896.0,439122.0,449665.0,462533.0,475529.0,488619.0,501863.0,515330.0,529038.0,543021.0,557297.0,571003.0,582766.0,593374.0,604167.0,615239.0,626688.0,638609.0,650991.0,663653.0,676283.0,686607.0,695168.0,704149.0
147,St. Martin (French part),MAF,28127.0,28736.0,29035.0,29247.0,29380.0,29435.0,29407.0,29299.0,29102.0,29099.0,29610.0,30387.0,31160.0,31929.0,32697.0,33452.0,34183.0,34887.0,35541.0,36132.0,36458.0,36350.0,36026.0,35639.0,35261.0,35020.0,34811.0,34496.0,33852.0,33121.0,32553.0,31948.0,31791.0,32077.0
148,Morocco,MAR,24570814.0,24988083.0,25400676.0,25806777.0,26201551.0,26599048.0,26999093.0,27397118.0,27791825.0,28176997.0,28554415.0,28930097.0,29301817.0,29661270.0,30033125.0,30431902.0,30833022.0,31232633.0,31634992.0,32042877.0,32464865.0,32903699.0,33352169.0,33803527.0,34248603.0,34680458.0,35107264.0,35528115.0,35927511.0,36304408.0,36688772.0,37076584.0,37457971.0,37840044.0
149,Monaco,MCO,30329.0,30564.0,30794.0,31024.0,31253.0,31482.0,31719.0,31968.0,32209.0,32394.0,32465.0,32444.0,32386.0,32316.0,32236.0,32141.0,32011.0,31823.0,31862.0,32401.0,33178.0,33945.0,34700.0,35425.0,36110.0,36760.0,37071.0,37044.0,37029.0,37034.0,36922.0,36686.0,36469.0,36297.0
150,Moldova,MDA,2965978.0,2973210.0,2975621.0,2974817.0,2967585.0,2953200.0,2947293.0,2936413.0,2935227.0,2930622.0,2924668.0,2918135.0,2911385.0,2903198.0,2896023.0,2888985.0,2880967.0,2874299.0,2868833.0,2865213.0,2862354.0,2860699.0,2860324.0,2859558.0,2857815.0,2835978.0,2803186.0,2755189.0,2707203.0,2664224.0,2635130.0,2595809.0,2538894.0,2486891.0
151,Madagascar,MDG,11882762.0,12245260.0,12623342.0,13020100.0,13436121.0,13869138.0,14317454.0,14778903.0,15250934.0,15730885.0,16216431.0,16709665.0,17211934.0,17724310.0,18250774.0,18792171.0,19350299.0,19924958.0,20513599.0,21117092.0,21731053.0,22348158.0,22966240.0,23588073.0,24215976.0,24850912.0,25501941.0,26169542.0,26846541.0,27533134.0,28225177.0,28915653.0,29611714.0,30325732.0
152,Maldives,MDV,224957.0,232150.0,239136.0,245845.0,252201.0,258208.0,263841.0,269040.0,273796.0,278111.0,282507.0,287324.0,292284.0,297226.0,302135.0,307018.0,314401.0,325126.0,336883.0,349037.0,361575.0,374440.0,387539.0,400728.0,416738.0,435582.0,454252.0,472442.0,489758.0,504508.0,514438.0,521457.0,523787.0,521021.0
153,Middle East & North Africa,MEA,256203998.0,263445808.0,270652251.0,276897626.0,282903612.0,289154944.0,295366235.0,301680248.0,308041622.0,314472124.0,321037453.0,327691655.0,333949565.0,340215354.0,347044925.0,354462370.0,362633997.0,371324802.0,380294099.0,389332369.0,397997557.0,406045323.0,414117603.0,422790409.0,431664579.0,440506473.0,448917409.0,456885486.0,465073490.0,473201775.0,479966649.0,486174763.0,493279469.0,500787313.0
154,Mexico,MEX,81720428.0,83351595.0,84993164.0,86648447.0,88314424.0,89969572.0,91586555.0,93183094.0,94767284.0,96334810.0,97873442.0,99394288.0,100917081.0,102429341.0,103945813.0,105442402.0,106886790.0,108302973.0,109684489.0,111049428.0,112532401.0,114150481.0,115755909.0,117290686.0,118755887.0,120149897.0,121519221.0,122839258.0,124013861.0,125085311.0,125998302.0,126705138.0,127504125.0,128455567.0
155,Marshall Islands,MHL,46047.0,47053.0,48015.0,48944.0,49840.0,50702.0,51538.0,52358.0,53164.0,53834.0,54224.0,54413.0,54496.0,54493.0,54435.0,54337.0,54208.0,54038.0,53816.0,53593.0,53416.0,52971.0,52203.0,51352.0,50419.0,49410.0,48329.0,47187.0,45989.0,44728.0,43413.0,42050.0,41569.0,41996.0
156,Middle income,MIC,3800784530.0,3873393766.0,3943002107.0,4011312348.0,4079651664.0,4147460074.0,4215000723.0,4282467859.0,4349341313.0,4414986566.0,4480497133.0,4545807153.0,4609337254.0,4671640584.0,4734078395.0,4796053808.0,4856566912.0,4915886337.0,4976183677.0,5037354857.0,5099558636.0,5163527503.0,5229214324.0,5295879654.0,5362247149.0,5427266105.0,5491014901.0,5554670660.0,5616531003.0,5675825451.0,5731776753.0,5782549455.0,5823625402.0,5870152963.0
157,North Macedonia,MKD,2044174.0,2036686.0,2018023.0,1996893.0,1982458.0,1983964.0,1994226.0,1996869.0,2007523.0,2017142.0,2026350.0,2034882.0,2020157.0,2022725.0,2016186.0,2005330.0,1994287.0,1982933.0,1971493.0,1958782.0,1946298.0,1937398.0,1929821.0,1922716.0,1917557.0,1912430.0,1906313.0,1898657.0,1889051.0,1876262.0,1856124.0,1837114.0,1831712.0,1811980.0
158,Mali,MLI,8945026.0,9123969.0,9310572.0,9506510.0,9711797.0,9921094.0,10131906.0,10359301.0,10620475.0,10916993.0,11239101.0,11583824.0,11952660.0,12342165.0,12751995.0,13180551.0,13623541.0,14080912.0,14551117.0,15032635.0,15529181.0,16039734.0,16514687.0,17004033.0,17551814.0,18112907.0,18700106.0,19311355.0,19934298.0,20567424.0,21224040.0,21904983.0,22593590.0,23293698.0
159,Malta,MLT,354170.0,363845.0,367618.0,371308.0,374797.0,377419.0,379905.0,382791.0,385287.0,387578.0,390087.0,393028.0,395969.0,398582.0,401268.0,403834.0,405308.0,406724.0,409379.0,412477.0,414508.0,416268.0,420028.0,425967.0,434558.0,445053.0,455356.0,467999.0,484630.0,504062.0,515332.0,518536.0,531113.0,553214.0
160,Myanmar,MMR,40099553.0,40680533.0,41237813.0,41788302.0,42337109.0,42880186.0,43423369.0,43972046.0,44516185.0,45041636.0,45538332.0,46014826.0,46480230.0,46924293.0,47338446.0,47724471.0,48088274.0,48445647.0,48729486.0,49015836.0,49390988.0,49794522.0,50218185.0,50648334.0,51072436.0,51483949.0,51892349.0,52288341.0,52666014.0,53040212.0,53423198.0,53798084.0,54179306.0,54577997.0
161,Middle East & North Africa (excluding high income),MNA,228846359.0,235243716.0,241132429.0,246410264.0,251564545.0,256953719.0,262236018.0,267566671.0,272938873.0,278356861.0,283899110.0,289544085.0,294813993.0,300102895.0,305945780.0,311948573.0,317983066.0,324080392.0,330293304.0,336675037.0,343313330.0,349770162.0,356239722.0,363310225.0,370756356.0,378137339.0,385054538.0,391607422.0,398375344.0,405259403.0,411810124.0,418047201.0,424328381.0,430857111.0
162,Montenegro,MNE,606372.0,607105.0,608516.0,610170.0,611389.0,611712.0,611003.0,609520.0,607662.0,606001.0,604950.0,607389.0,609828.0,612267.0,613353.0,614261.0,615025.0,615875.0,616969.0,618294.0,619428.0,620079.0,620601.0,621207.0,621810.0,622159.0,622303.0,622373.0,622227.0,622028.0,621306.0,619211.0,617213.0,616177.0
163,Mongolia,MNG,2161433.0,2200077.0,2236494.0,2270311.0,2301510.0,2330334.0,2357033.0,2381771.0,2405148.0,2428488.0,2450979.0,2472601.0,2494617.0,2516454.0,2537949.0,2559255.0,2581242.0,2605643.0,2633887.0,2666713.0,2702520.0,2743938.0,2792349.0,2845153.0,2902823.0,2964749.0,3029555.0,3096030.0,3163991.0,3232430.0,3294335.0,3347782.0,3398366.0,3447157.0
164,Northern Mariana Islands,MNP,48002.0,48302.0,48128.0,47948.0,47780.0,48717.0,53367.0,60817.0,68501.0,76237.0,80338.0,79479.0,77162.0,74623.0,71898.0,69025.0,66060.0,63050.0,60032.0,57056.0,54087.0,52520.0,52359.0,52141.0,51856.0,51514.0,51133.0,50729.0,50304.0,49858.0,49587.0,49481.0,49551.0,49796.0
165,Mozambique,MOZ,13303459.0,13561175.0,13816881.0,14206254.0,14912873.0,15594830.0,16079553.0,16521724.0,16923195.0,17337893.0,17768505.0,18220716.0,18694946.0,19186754.0,19694411.0,20211114.0,20735982.0,21280513.0,21845571.0,22436660.0,23073723.0,23760421.0,24487611.0,25251731.0,26038704.0,26843246.0,27696493.0,28569441.0,29423878.0,30285595.0,31178239.0,32077072.0,32969518.0,33897354.0
166,Mauritania,MRT,2006027.0,2066302.0,2147527.0,2237064.0,2315191.0,2380341.0,2428816.0,2484278.0,2550501.0,2620611.0,2695003.0,2761823.0,2821703.0,2883326.0,2946575.0,3012360.0,3081229.0,3153508.0,3233336.0,3322616.0,3419461.0,3524249.0,3636113.0,3742959.0,3843174.0,3946220.0,4051890.0,4160015.0,4270712.0,4383849.0,4498604.0,4614974.0,4736139.0,4862989.0
167,Mauritius,MUS,1058775.0,1070266.0,1084441.0,1097374.0,1112846.0,1122457.0,1133996.0,1148284.0,1160421.0,1175267.0,1186873.0,1196287.0,1204621.0,1213370.0,1221003.0,1228254.0,1233996.0,1239630.0,1244121.0,1247429.0,1250400.0,1252404.0,1255882.0,1258927.0,1261208.0,1262879.0,1263747.0,1264887.0,1265577.0,1265985.0,1266014.0,1266334.0,1262523.0,1261041.0
168,Malawi,MWI,9539665.0,9831584.0,10115420.0,10257233.0,10131799.0,10112816.0,10310528.0,10512678.0,10732456.0,10973956.0,11229387.0,11498818.0,11784498.0,12087965.0,12411342.0,12755648.0,13118307.0,13495463.0,13889423.0,14298932.0,14718422.0,15146094.0,15581251.0,16024775.0,16477966.0,16938942.0,17405624.0,17881167.0,18367883.0,18867337.0,19377061.0,19889742.0,20405317.0,20931751.0
169,Malaysia,MYS,17517054.0,18017464.0,18526708.0,19050077.0,19588703.0,20136888.0,20689051.0,21249178.0,21810542.0,22368655.0,22945150.0,23542517.0,24142445.0,24739411.0,25333247.0,25923536.0,26509413.0,27092604.0,27664296.0,28217204.0,28717731.0,29184133.0,29660212.0,30134807.0,30606459.0,31068833.0,31526418.0,31975806.0,32399271.0,32804020.0,33199993.0,33573874.0,33938221.0,34308525.0
170,North America,NAC,277373464.0,281077441.0,284943859.0,288662674.0,292185983.0,295640057.0,299064347.0,302623445.0,306070116.0,309502571.0,312909974.0,316052314.0,319047304.0,321813719.0,324807845.0,327823485.0,331015628.0,334184981.0,337406537.0,340467234.0,343398169.0,345987266.0,348655855.0,351205940.0,353885533.0,356508729.0,359247112.0,361731076.0,363974737.0,366012359.0,369619464.0,370352605.0,372274062.0,375076145.0
171,Namibia,NAM,1369011.0,1415617.0,1461687.0,1509834.0,1558449.0,1605370.0,1650066.0,1693242.0,1735953.0,1778277.0,1819141.0,1856402.0,1888525.0,1915425.0,1939406.0,1962865.0,1986558.0,2011492.0,2038552.0,2067919.0,2099271.0,2132340.0,2167470.0,2204510.0,2243001.0,2282704.0,2323352.0,2364534.0,2405680.0,2446644.0,2489098.0,2530151.0,2567012.0,2604172.0
172,New Caledonia,NCL,170899.0,175362.0,179799.0,184496.0,189482.0,193816.0,197564.0,201418.0,205279.0,209214.0,213230.0,217324.0,221490.0,225296.0,228750.0,232250.0,235750.0,239250.0,242750.0,245950.0,249750.0,254350.0,259000.0,263650.0,268050.0,269460.0,270220.0,270810.0,271170.0,271240.0,271080.0,270390.0,269215.0,267940.0
173,Niger,NER,8370648.0,8634640.0,8907644.0,9193078.0,9493324.0,9813918.0,10149937.0,10494201.0,10854920.0,11231469.0,11622665.0,12031430.0,12456517.0,12900790.0,13366885.0,13855221.0,14365168.0,14897873.0,15455175.0,16037915.0,16647543.0,17283112.0,17954407.0,18653199.0,19372014.0,20128124.0,20921743.0,21737922.0,22577058.0,23443393.0,24333639.0,25252722.0,26207977.0,27202843.0
174,Nigeria,NGA,95214257.0,97685360.0,100182045.0,102775465.0,105456121.0,108187610.0,110956183.0,113791181.0,116690527.0,119695565.0,122851984.0,126152678.0,129583026.0,133119801.0,136756848.0,140490722.0,144329764.0,148294028.0,152382506.0,156595758.0,160952853.0,165463745.0,170075932.0,174726123.0,179379016.0,183995785.0,188666931.0,193495907.0,198387623.0,203304492.0,208327405.0,213401323.0,218541212.0,223804632.0
175,Nicaragua,NIC,4227820.0,4327289.0,4427172.0,4526689.0,4625260.0,4721929.0,4812391.0,4895962.0,4974552.0,5049878.0,5123222.0,5192764.0,5259006.0,5323062.0,5386223.0,5454678.0,5529811.0,5607453.0,5687744.0,5770639.0,5855734.0,5942553.0,6030607.0,6119379.0,6208676.0,6298598.0,6389235.0,6480532.0,6572233.0,6663924.0,6755895.0,6850540.0,6948392.0,7046310.0
176,Netherlands,NLD,14951510.0,15069798.0,15184166.0,15290368.0,15382838.0,15459006.0,15530498.0,15610650.0,15707209.0,15812088.0,15925513.0,16046180.0,16148929.0,16225302.0,16281779.0,16319868.0,16346101.0,16381696.0,16445593.0,16530388.0,16615394.0,16693074.0,16754962.0,16804432.0,16865008.0,16939923.0,17030314.0,17131296.0,17231624.0,17344874.0,17441500.0,17533044.0,17700982.0,17879488.0
177,Norway,NOR,4241473.0,4261732.0,4286401.0,4311991.0,4336613.0,4359184.0,4381336.0,4405157.0,4431464.0,4461913.0,4490967.0,4513751.0,4538159.0,4564855.0,4591910.0,4623291.0,4660677.0,4709153.0,4768212.0,4828726.0,4889252.0,4953088.0,5018573.0,5079623.0,5137232.0,5188607.0,5234519.0,5276968.0,5311916.0,5347896.0,5379475.0,5408320.0,5457127.0,5519594.0
178,Nepal,NPL,19616530.0,20130779.0,20702133.0,21267359.0,21794751.0,22305571.0,22783969.0,23249417.0,23703328.0,24143157.0,24559500.0,24956071.0,25332178.0,25682908.0,26003965.0,26285110.0,26518971.0,26713655.0,26881544.0,27026941.0,27161567.0,27266399.0,27330694.0,27381555.0,27462106.0,27610325.0,27861186.0,28183426.0,28506712.0,28832496.0,29348627.0,30034989.0,30547580.0,30896590.0
179,Nauru,NRU,9598.0,9902.0,10129.0,10226.0,10274.0,10316.0,10345.0,10363.0,10377.0,10383.0,10377.0,10363.0,10351.0,10344.0,10335.0,10318.0,10294.0,10267.0,10243.0,10233.0,10241.0,10283.0,10444.0,10694.0,10940.0,11185.0,11437.0,11682.0,11924.0,12132.0,12315.0,12511.0,12668.0,12780.0
180,New Zealand,NZL,3329800.0,3495100.0,3531700.0,3572200.0,3620000.0,3673400.0,3732000.0,3781300.0,3815000.0,3835100.0,3857700.0,3880500.0,3948500.0,4027200.0,4087500.0,4133900.0,4184600.0,4223800.0,4259800.0,4302600.0,4350700.0,4384000.0,4408100.0,4442100.0,4516500.0,4609400.0,4714100.0,4813600.0,4900600.0,4979200.0,5090200.0,5111300.0,5117200.0,5223100.0
181,OECD members,OED,1104791543.0,1115756696.0,1126417384.0,1136605361.0,1146214585.0,1155551702.0,1164716390.0,1173865390.0,1182690089.0,1191524686.0,1200179492.0,1209244330.0,1218395106.0,1227424218.0,1236495045.0,1245446032.0,1254649829.0,1263898714.0,1273582233.0,1282496705.0,1290949310.0,1297593832.0,1305512665.0,1313642010.0,1322072133.0,1330316951.0,1338792226.0,1346867182.0,1354843844.0,1362032167.0,1369502262.0,1371972508.0,1377465841.0,1385005653.0
182,Oman,OMN,1804524.0,1895187.0,1985227.0,2071868.0,2133675.0,2172672.0,2209958.0,2245588.0,2279727.0,2312600.0,2344253.0,2374653.0,2403659.0,2431600.0,2468855.0,2515192.0,2560649.0,2605700.0,2651028.0,2697537.0,2881914.0,3206870.0,3535579.0,3816680.0,4009267.0,4191776.0,4398070.0,4541854.0,4601157.0,4602768.0,4543399.0,4520471.0,4576298.0,4644384.0
183,Other small states,OSS,9392516.0,9587391.0,9669343.0,9727386.0,9819529.0,9906710.0,10031623.0,10168611.0,10308101.0,10465432.0,10620985.0,10764561.0,10909992.0,11056256.0,11222098.0,11405515.0,11594881.0,11789816.0,11986192.0,12174812.0,12328684.0,12440374.0,12569929.0,12725773.0,12900102.0,13082531.0,13258300.0,13439650.0,13608679.0,13751038.0,13853034.0,13943732.0,14095313.0,14240737.0
184,Pakistan,PAK,115414069.0,119203569.0,122375179.0,125546615.0,129245139.0,133117476.0,137234810.0,141330267.0,145476106.0,149694462.0,154369924.0,159217727.0,163262807.0,166876680.0,170648620.0,174372098.0,178069984.0,181924521.0,185931955.0,190123222.0,194454498.0,198602738.0,202205861.0,205337562.0,208251628.0,210969298.0,213524840.0,216379655.0,219731479.0,223293280.0,227196741.0,231402117.0,235824862.0,240485658.0
185,Panama,PAN,2449968.0,2502044.0,2554382.0,2607499.0,2661385.0,2716067.0,2771606.0,2827992.0,2885177.0,2943120.0,3001731.0,3061024.0,3120990.0,3181608.0,3243311.0,3305868.0,3368573.0,3431614.0,3495276.0,3559343.0,3623617.0,3688674.0,3754862.0,3821556.0,3888793.0,3957099.0,4026336.0,4096063.0,4165255.0,4232532.0,4294396.0,4351267.0,4408581.0,4468087.0
186,Peru,PER,22109099.0,22583006.0,23047248.0,23513882.0,23983258.0,24449055.0,24907304.0,25365386.0,25818226.0,26252239.0,26654439.0,27014909.0,27334503.0,27623341.0,27893911.0,28147267.0,28381078.0,28600387.0,28806185.0,29009326.0,29229572.0,29477721.0,29749589.0,30038809.0,30353951.0,30711863.0,31132779.0,31605486.0,32203944.0,32824861.0,33304756.0,33715471.0,34049588.0,34352719.0
187,Philippines,PHL,61558898.0,63039751.0,64543525.0,66083321.0,67650283.0,69250468.0,70944969.0,72718837.0,74491918.0,76249064.0,77958223.0,79626086.0,81285572.0,82942837.0,84607501.0,86261250.0,87901835.0,89561377.0,91252326.0,92946951.0,94636700.0,96337913.0,98032317.0,99700107.0,101325201.0,103031365.0,104875266.0,106738501.0,108568836.0,110380804.0,112190977.0,113880328.0,115559009.0,117337368.0
188,Palau,PLW,15293.0,15640.0,16004.0,16380.0,16770.0,17209.0,17732.0,18297.0,18852.0,19380.0,19726.0,19828.0,19851.0,19880.0,19907.0,19831.0,19619.0,19366.0,19102.0,18826.0,18540.0,18240.0,17946.0,17805.0,17796.0,17794.0,17816.0,17837.0,17864.0,17916.0,17972.0,18024.0,18055.0,18058.0
189,Papua New Guinea,PNG,3864972.0,3990995.0,4136644.0,4291588.0,4451694.0,4616439.0,4785895.0,4960439.0,5138829.0,5321388.0,5508297.0,5698489.0,5892596.0,6090980.0,6293166.0,6498818.0,6708217.0,6921066.0,7137988.0,7358890.0,7583269.0,7806637.0,8026545.0,8245627.0,8464153.0,8682174.0,8899169.0,9114796.0,9329227.0,9542486.0,9749640.0,9949437.0,10142619.0,10329931.0
190,Poland,POL,38110782.0,38246193.0,38363667.0,38461408.0,38542652.0,38594998.0,38624370.0,38649660.0,38663481.0,38660271.0,38258629.0,38248076.0,38230364.0,38204570.0,38182222.0,38165445.0,38141267.0,38120560.0,38125759.0,38151603.0,38042794.0,38063255.0,38063164.0,38040196.0,38011735.0,37986412.0,37970087.0,37974826.0,37974750.0,37965475.0,37899070.0,37747124.0,36821749.0,36685849.0
191,Pre-demographic dividend,PRE,417144782.0,427363888.0,439447569.0,453282283.0,468345219.0,483031809.0,495937962.0,508962926.0,523022619.0,537918075.0,553089230.0,568734640.0,586023563.0,604077372.0,621974508.0,640493810.0,659115651.0,677333522.0,697003893.0,718121906.0,739525992.0,761717101.0,784822780.0,808542070.0,832469778.0,856420253.0,880891473.0,905987912.0,931467165.0,957503246.0,984213438.0,1011043183.0,1038012552.0,1065710613.0
192,Puerto Rico,PRI,3537000.0,3562110.0,3585176.0,3615497.0,3649237.0,3683103.0,3724655.0,3759430.0,3781101.0,3800081.0,3810605.0,3818774.0,3823701.0,3826095.0,3826878.0,3821362.0,3805214.0,3782995.0,3760866.0,3740410.0,3721525.0,3678732.0,3634488.0,3593077.0,3534874.0,3473232.0,3406672.0,3325286.0,3193354.0,3193694.0,3281557.0,3262693.0,3220113.0,3205691.0
193,"Korea, Dem. People's Rep.",PRK,20799523.0,21115534.0,21439991.0,21773017.0,22105225.0,22385536.0,22614347.0,22827373.0,23023636.0,23204498.0,23367059.0,23512522.0,23638411.0,23781707.0,23948930.0,24100982.0,24235761.0,24356506.0,24469047.0,24581509.0,24686435.0,24783789.0,24887770.0,25001819.0,25126131.0,25258015.0,25389611.0,25516321.0,25638149.0,25755441.0,25867467.0,25971909.0,26069416.0,26160821.0
194,Portugal,PRT,9983218.0,9960235.0,9952494.0,9964675.0,9991525.0,10026176.0,10063945.0,10108977.0,10160196.0,10217828.0,10289898.0,10362722.0,10419631.0,10458821.0,10483861.0,10503330.0,10522288.0,10542964.0,10558177.0,10568247.0,10573100.0,10557560.0,10514844.0,10457295.0,10401062.0,10358076.0,10325452.0,10300300.0,10283822.0,10286263.0,10297081.0,10361831.0,10409704.0,10525347.0
195,Paraguay,PRY,4059195.0,4167996.0,4277051.0,4386202.0,4495301.0,4603917.0,4711655.0,4818289.0,4923449.0,5026031.0,5123819.0,5211541.0,5286512.0,5353254.0,5416324.0,5476878.0,5534675.0,5590145.0,5645148.0,5702574.0,5768613.0,5843939.0,5923322.0,6005652.0,6090721.0,6177950.0,6266615.0,6355404.0,6443328.0,6530026.0,6618695.0,6703799.0,6780744.0,6861524.0
196,West Bank and Gaza,PSE,1978248.0,2068845.0,2163591.0,2262676.0,2366298.0,2474666.0,2587997.0,2706518.0,2776568.0,2848431.0,2922153.0,2997784.0,3075373.0,3154969.0,3236626.0,3320396.0,3406334.0,3494496.0,3591977.0,3689099.0,3786161.0,3882986.0,3979998.0,4076708.0,4173398.0,4270092.0,4367088.0,4454805.0,4569087.0,4685306.0,4803269.0,4922749.0,5043612.0,5165775.0
197,Pacific island small states,PSS,1776243.0,1800161.0,1822819.0,1846876.0,1870257.0,1892547.0,1917072.0,1945783.0,1976146.0,2006341.0,2035672.0,2064193.0,2091909.0,2119122.0,2146140.0,2172802.0,2199540.0,2226078.0,2251506.0,2276149.0,2301401.0,2327284.0,2353058.0,2379069.0,2405308.0,2431426.0,2457814.0,2484263.0,2510226.0,2536070.0,2566819.0,2602173.0,2639019.0,2677728.0
198,Post-demographic dividend,PST,964048985.0,971176019.0,977958696.0,984265557.0,989907298.0,995212216.0,1000693857.0,1005936747.0,1010875500.0,1015710581.0,1020793420.0,1025680356.0,1030817778.0,1035933493.0,1041239406.0,1046467578.0,1052106051.0,1058252734.0,1064632148.0,1070086582.0,1075047440.0,1077986944.0,1082488131.0,1087228563.0,1092176251.0,1097076319.0,1102054942.0,1106262382.0,1110198958.0,1113410921.0,1117530670.0,1116651310.0,1114354147.0,1119478514.0
199,French Polynesia,PYF,211089.0,215444.0,219621.0,223714.0,227682.0,231446.0,235189.0,239036.0,242882.0,246821.0,250927.0,255049.0,259137.0,263173.0,267132.0,271060.0,274901.0,278178.0,280558.0,282283.0,283788.0,285265.0,286584.0,288032.0,289873.0,291787.0,293541.0,295450.0,297606.0,299717.0,301920.0,304032.0,306279.0,308872.0
200,Qatar,QAT,441675.0,456486.0,471293.0,486041.0,500683.0,515133.0,529265.0,550591.0,580997.0,613302.0,645937.0,678831.0,713186.0,748525.0,777943.0,848710.0,1015060.0,1231893.0,1444277.0,1610274.0,1713504.0,1804171.0,1905660.0,2035501.0,2214465.0,2414573.0,2595166.0,2711755.0,2766732.0,2807235.0,2760385.0,2688235.0,2695122.0,2716391.0
201,Romania,ROU,23201835.0,23001155.0,22794284.0,22763280.0,22730211.0,22684270.0,22619004.0,22553978.0,22507344.0,22472040.0,22442971.0,22131970.0,21730496.0,21574326.0,21451748.0,21319685.0,21193760.0,20882982.0,20537875.0,20367487.0,20246871.0,20147528.0,20058035.0,19983693.0,19908979.0,19815616.0,19702267.0,19588715.0,19473970.0,19371648.0,19265250.0,19122059.0,19047009.0,19056116.0
202,Russian Federation,RUS,147969406.0,148394216.0,148538197.0,148458777.0,148407912.0,148375787.0,148160129.0,147915361.0,147670784.0,147214776.0,146596869.0,145976482.0,145306497.0,144648618.0,144067316.0,143518814.0,143049637.0,142805114.0,142742366.0,142785348.0,142849468.0,143018195.0,143378447.0,143805638.0,144237223.0,144640716.0,145015460.0,145293260.0,145398106.0,145453291.0,145245148.0,144746762.0,144236933.0,143826130.0
203,Rwanda,RWA,7319962.0,7485681.0,7657208.0,7904740.0,6732665.0,5686897.0,6715510.0,7666732.0,7914645.0,8009587.0,8109989.0,8223941.0,8372306.0,8567992.0,8791853.0,9026299.0,9270066.0,9523168.0,9781996.0,10043737.0,10309031.0,10576932.0,10840334.0,11101350.0,11368451.0,11642959.0,11930899.0,12230339.0,12531808.0,12835028.0,13146362.0,13461888.0,13776698.0,14094683.0
204,South Asia,SAS,1141312704.0,1166480561.0,1192390433.0,1219180082.0,1246157499.0,1272877742.0,1299407301.0,1326007987.0,1352849350.0,1379874856.0,1406945493.0,1434314654.0,1462070145.0,1489358080.0,1515703001.0,1541263909.0,1565892885.0,1589454615.0,1612709085.0,1636411632.0,1660546144.0,1684898004.0,1708706729.0,1731683901.0,1754030304.0,1775545180.0,1797072648.0,1818931519.0,1840534093.0,1861598514.0,1882531620.0,1901911604.0,1919348000.0,1938549529.0
205,Saudi Arabia,SAU,16004763.0,16654276.0,17281350.0,17846461.0,18367528.0,18888857.0,19410280.0,19938377.0,20472580.0,21009660.0,21547390.0,22085929.0,22623415.0,23150847.0,23661808.0,24397644.0,25382870.0,26400068.0,27437353.0,28483797.0,29411929.0,30150945.0,30821543.0,31482498.0,32125564.0,32749848.0,33416270.0,34193122.0,35018133.0,35827362.0,35997107.0,35950396.0,36408820.0,36947025.0
206,Sudan,SDN,21090886.0,21453711.0,21780059.0,22163251.0,22703631.0,23290602.0,23862258.0,24454372.0,25029144.0,25634162.0,26298773.0,26947253.0,27570318.0,28188977.0,28831550.0,29540577.0,30332968.0,31191163.0,32065241.0,32948155.0,33739933.0,34419624.0,35159792.0,35990704.0,37003245.0,38171178.0,39377169.0,40679828.0,41999059.0,43232093.0,44440486.0,45657202.0,46874204.0,48109006.0
207,Senegal,SEN,7536001.0,7754289.0,7974514.0,8196551.0,8416997.0,8632681.0,8843423.0,9051539.0,9261526.0,9478564.0,9704287.0,9938027.0,10180950.0,10434504.0,10698691.0,10974057.0,11263387.0,11563869.0,11872929.0,12195029.0,12530121.0,12875880.0,13231833.0,13595566.0,13970308.0,14356181.0,14751356.0,15157793.0,15574909.0,16000781.0,16436120.0,16876720.0,17316449.0,17763163.0
208,Singapore,SGP,3047132.0,3135083.0,3230698.0,3313471.0,3419048.0,3524506.0,3670704.0,3796038.0,3927213.0,3958723.0,4027887.0,4138012.0,4175950.0,4114826.0,4166664.0,4265762.0,4401365.0,4588599.0,4839396.0,4987573.0,5076732.0,5183688.0,5312437.0,5399162.0,5469724.0,5535002.0,5607283.0,5612253.0,5638676.0,5703569.0,5685807.0,5453566.0,5637022.0,5917648.0
209,Solomon Islands,SLB,324171.0,333952.0,343916.0,354086.0,364505.0,375189.0,386069.0,397050.0,408145.0,419229.0,429978.0,440395.0,450760.0,461216.0,471785.0,482486.0,493430.0,504619.0,516001.0,527833.0,540394.0,553721.0,567763.0,582365.0,597375.0,612660.0,628102.0,643634.0,659249.0,674993.0,691191.0,707851.0,724273.0,740424.0
210,Sierra Leone,SLE,4325388.0,4378169.0,4301566.0,4295689.0,4314953.0,4324149.0,4347370.0,4405028.0,4449975.0,4475145.0,4584067.0,4857096.0,5140113.0,5350907.0,5533329.0,5683334.0,5809774.0,5939163.0,6090860.0,6259842.0,6436698.0,6612385.0,6788587.0,6964859.0,7140688.0,7314773.0,7493913.0,7677565.0,7861281.0,8046828.0,8233970.0,8420641.0,8605718.0,8791092.0
211,El Salvador,SLV,5367179.0,5461070.0,5552206.0,5630987.0,5693038.0,5748195.0,5797140.0,5842638.0,5885083.0,5923852.0,5958482.0,5988095.0,6011275.0,6026849.0,6035655.0,6037817.0,6034436.0,6044131.0,6068099.0,6091188.0,6114034.0,6137349.0,6161289.0,6185642.0,6209526.0,6231066.0,6250510.0,6266654.0,6276342.0,6280217.0,6292731.0,6314167.0,6336392.0,6364943.0
212,San Marino,SMR,23132.0,23459.0,23808.0,24181.0,24535.0,24886.0,25235.0,25596.0,25997.0,26404.0,26823.0,27335.0,27969.0,28601.0,29093.0,29508.0,29959.0,30372.0,30700.0,31059.0,31608.0,32495.0,33132.0,33285.0,33389.0,33570.0,33834.0,34056.0,34156.0,34178.0,34007.0,33745.0,33660.0,33642.0
213,Somalia,SOM,6999096.0,6732702.0,6428141.0,6620729.0,6959828.0,7210930.0,7472450.0,7734313.0,8056862.0,8384479.0,8721465.0,9070747.0,9411103.0,9758281.0,10117354.0,10467292.0,10784973.0,11118092.0,11444870.0,11730037.0,12026649.0,12216837.0,12440326.0,12852485.0,13309235.0,13763906.0,14292847.0,14864221.0,15411094.0,15981300.0,16537016.0,17065581.0,17597511.0,18143378.0
214,Serbia,SRB,7586000.0,7595636.0,7646424.0,7699307.0,7734639.0,7625357.0,7617794.0,7596501.0,7567745.0,7540401.0,7516346.0,7503433.0,7496522.0,7480591.0,7463157.0,7440769.0,7411569.0,7381579.0,7350222.0,7320807.0,7291436.0,7234099.0,7199077.0,7164132.0,7130576.0,7095383.0,7058322.0,7020858.0,6982604.0,6945235.0,6899126.0,6834326.0,6664449.0,6618026.0
215,Sub-Saharan Africa (excluding high income),SSA,516560181.0,530646532.0,544828860.0,559341649.0,574019932.0,589252781.0,605109645.0,620988006.0,637119672.0,653802851.0,671131355.0,689080780.0,707609717.0,726702652.0,746464327.0,766895808.0,788025400.0,809934231.0,832555779.0,855798400.0,879707649.0,904194713.0,929240350.0,955006753.0,981415249.0,1008605380.0,1036061312.0,1063789431.0,1092307211.0,1121451424.0,1151203619.0,1181063755.0,1211070124.0,1241778044.0
216,South Sudan,SSD,4750817.0,4867185.0,4956969.0,5018172.0,5142863.0,5302042.0,5434894.0,5589410.0,5699436.0,5850145.0,6114440.0,6394431.0,6686100.0,6992367.0,7317118.0,7662654.0,8029517.0,8417823.0,8823888.0,9229227.0,9714419.0,10243050.0,10701604.0,11106031.0,11213284.0,11194299.0,11066105.0,10658226.0,10395329.0,10447666.0,10606227.0,10748272.0,10913164.0,11088796.0
217,Sub-Saharan Africa,SSF,516629688.0,530716971.0,544899623.0,559413902.0,574094137.0,589328085.0,605186062.0,621065325.0,637198518.0,653883261.0,671212486.0,689161982.0,707693440.0,726785433.0,746546802.0,766978666.0,788110000.0,810019264.0,832642735.0,855885698.0,879797419.0,904282154.0,929328653.0,955096702.0,981506608.0,1008698799.0,1036155989.0,1063885274.0,1092403973.0,1121549049.0,1151302081.0,1181163013.0,1211190002.0,1241897817.0
218,Small states,SST,13568047.0,13799674.0,13924518.0,14028001.0,14165955.0,14301580.0,14478832.0,14672238.0,14869600.0,15083838.0,15294390.0,15491585.0,15689535.0,15887550.0,16103414.0,16334853.0,16572025.0,16814517.0,17057446.0,17291609.0,17490321.0,17645826.0,17821789.0,18026868.0,18251250.0,18483937.0,18709361.0,18940564.0,19177011.0,19377482.0,19526038.0,19674424.0,19881389.0,20086203.0
219,Sao Tome and Principe,STP,120343.0,123084.0,125648.0,128182.0,130666.0,133077.0,135412.0,137656.0,139790.0,141808.0,143714.0,146258.0,149841.0,153762.0,157697.0,161680.0,165725.0,169845.0,174004.0,178128.0,182138.0,186044.0,189924.0,193757.0,197497.0,201124.0,204632.0,208036.0,211344.0,214599.0,218641.0,223107.0,227380.0,231856.0
220,Suriname,SUR,412756.0,415981.0,419521.0,422375.0,426548.0,434490.0,443834.0,452887.0,461749.0,470458.0,478998.0,487394.0,495666.0,503780.0,510572.0,516220.0,522023.0,527946.0,533938.0,539987.0,546080.0,552146.0,558111.0,563947.0,569682.0,575475.0,581453.0,587559.0,593715.0,600301.0,607065.0,612985.0,618040.0,623236.0
221,Slovak Republic,SVK,5299187.0,5303294.0,5305016.0,5325305.0,5346331.0,5361999.0,5373361.0,5383291.0,5390516.0,5396020.0,5388720.0,5378867.0,5376912.0,5373374.0,5372280.0,5372807.0,5373054.0,5374622.0,5379233.0,5386406.0,5391428.0,5398384.0,5407579.0,5413393.0,5418649.0,5423801.0,5430798.0,5439232.0,5446771.0,5454147.0,5458827.0,5447247.0,5431752.0,5426740.0
222,Slovenia,SVN,1998161.0,1999429.0,1996498.0,1991746.0,1989443.0,1989872.0,1988628.0,1985956.0,1981629.0,1983045.0,1988925.0,1992060.0,1994530.0,1995733.0,1997012.0,2000474.0,2006868.0,2018122.0,2021316.0,2039669.0,2048583.0,2052843.0,2057159.0,2059953.0,2061980.0,2063531.0,2065042.0,2066388.0,2073894.0,2088385.0,2102419.0,2108079.0,2111986.0,2120937.0
223,Sweden,SWE,8558835.0,8617375.0,8668067.0,8718561.0,8780745.0,8826939.0,8840998.0,8846062.0,8850974.0,8857874.0,8872109.0,8895960.0,8924958.0,8958229.0,8993531.0,9029572.0,9080505.0,9148092.0,9219637.0,9298515.0,9378126.0,9449213.0,9519374.0,9600379.0,9696110.0,9799186.0,9923085.0,10057698.0,10175214.0,10278887.0,10353442.0,10415811.0,10486941.0,10536632.0
224,Eswatini,SWZ,854011.0,889712.0,925165.0,953451.0,953737.0,953573.0,973587.0,990734.0,1005158.0,1018370.0,1030496.0,1041396.0,1050809.0,1058797.0,1065764.0,1071886.0,1077735.0,1084008.0,1089870.0,1094886.0,1099920.0,1105371.0,1111444.0,1118319.0,1125865.0,1133936.0,1142524.0,1151390.0,1160428.0,1169613.0,1180655.0,1192271.0,1201670.0,1210822.0
225,Sint Maarten (Dutch part),SXM,27845.0,29820.0,31345.0,31823.0,31735.0,31596.0,31410.0,31195.0,31240.0,31084.0,30519.0,30600.0,30777.0,31472.0,32488.0,33011.0,33441.0,33811.0,33964.0,34238.0,34056.0,33435.0,34640.0,36607.0,37685.0,38825.0,38992.0,38615.0,38934.0,39648.0,40350.0,40708.0,40888.0,41163.0
226,Seychelles,SYC,69507.0,70439.0,70763.0,72253.0,74205.0,75304.0,76417.0,77319.0,78846.0,80410.0,81131.0,81202.0,83723.0,82781.0,82475.0,82858.0,84600.0,85033.0,86956.0,87298.0,89770.0,87441.0,88303.0,89949.0,91359.0,93419.0,94677.0,95843.0,96762.0,97625.0,98462.0,99258.0,119878.0,119773.0
227,Syrian Arab Republic,SYR,12408996.0,12782281.0,13156406.0,13537060.0,13922626.0,14313450.0,14708879.0,15103996.0,15500542.0,15901201.0,16307654.0,16727948.0,17164021.0,17611356.0,18084007.0,18583557.0,19432009.0,20703005.0,21474059.0,21827220.0,22337563.0,22730733.0,22605577.0,21495821.0,20072232.0,19205178.0,18964252.0,18983373.0,19333463.0,20098251.0,20772595.0,21324367.0,22125249.0,23227014.0
228,Turks and Caicos Islands,TCA,11709.0,12329.0,13014.0,13704.0,14402.0,15101.0,15806.0,16515.0,17239.0,17984.0,18744.0,19578.0,20598.0,21739.0,22869.0,23995.0,25128.0,26268.0,27422.0,28581.0,29726.0,30816.0,32081.0,33594.0,34985.0,36538.0,38246.0,39844.0,41487.0,43080.0,44276.0,45114.0,45703.0,46062.0
229,Chad,TCD,5827069.0,6042428.0,6302926.0,6448280.0,6592998.0,6888856.0,7200291.0,7450874.0,7709115.0,7981889.0,8259137.0,8538804.0,8838369.0,9196366.0,9613503.0,10005012.0,10365614.0,10722731.0,11098664.0,11496128.0,11894727.0,12317730.0,12754906.0,13216766.0,13697126.0,14140274.0,14592585.0,15085884.0,15604210.0,16126866.0,16644701.0,17179740.0,17723315.0,18278568.0
230,East Asia & Pacific (IDA & IBRD countries),TEA,1580447407.0,1604798136.0,1627823212.0,1650184274.0,1672325604.0,1693952154.0,1715256519.0,1736404220.0,1756774303.0,1775819557.0,1793649873.0,1810599718.0,1826844868.0,1842469495.0,1857622964.0,1872697597.0,1887496209.0,1901960228.0,1916309337.0,1930470829.0,1944510719.0,1959494275.0,1976386829.0,1993077336.0,2009149689.0,2024511016.0,2039794828.0,2055414680.0,2068898629.0,2080648616.0,2090523535.0,2097669023.0,2103055378.0,2107522258.0
231,Europe & Central Asia (IDA & IBRD countries),TEC,428052009.0,430432700.0,432107597.0,433448069.0,434390109.0,434917015.0,435576314.0,436133770.0,436418552.0,436318238.0,435939387.0,435557974.0,435215194.0,435286231.0,435582965.0,435960155.0,436478592.0,436815160.0,437966129.0,439636046.0,441572315.0,443764567.0,445808734.0,448060105.0,450338927.0,452672729.0,454966816.0,457063732.0,459012381.0,461027359.0,462304330.0,463035774.0,457342249.0,457326090.0
232,Togo,TGO,3875947.0,3990215.0,4106219.0,4078392.0,4092612.0,4279566.0,4445883.0,4592550.0,4728297.0,4867941.0,5008035.0,5145426.0,5281538.0,5421001.0,5565218.0,5711597.0,5874240.0,6047537.0,6222482.0,6398624.0,6571855.0,6748672.0,6926635.0,7106229.0,7288383.0,7473229.0,7661354.0,7852795.0,8046679.0,8243094.0,8442580.0,8644829.0,8848699.0,9053799.0
233,Thailand,THA,55228410.0,56099865.0,56939020.0,57776082.0,58610010.0,59424834.0,60211096.0,60989108.0,61745217.0,62442651.0,63066603.0,63649892.0,64222580.0,64776956.0,65311166.0,65821360.0,66319525.0,66826754.0,67328239.0,67813654.0,68270489.0,68712846.0,69157023.0,69578602.0,69960943.0,70294397.0,70607037.0,70898202.0,71127802.0,71307763.0,71475664.0,71601103.0,71697030.0,71801279.0
234,Tajikistan,TJK,5417860.0,5556306.0,5656208.0,5717806.0,5803993.0,5916173.0,6035600.0,6117069.0,6156805.0,6189565.0,6272998.0,6408810.0,6541755.0,6672492.0,6801204.0,6929145.0,7057417.0,7188391.0,7324627.0,7468596.0,7621779.0,7784819.0,7956382.0,8136610.0,8326348.0,8524063.0,8725318.0,8925525.0,9128132.0,9337003.0,9543207.0,9750064.0,9952787.0,10143543.0
235,Turkmenistan,TKM,3720278.0,3821782.0,3926369.0,4031698.0,4133037.0,4226623.0,4301093.0,4363672.0,4431517.0,4501079.0,4569132.0,4635094.0,4698968.0,4758988.0,4819792.0,4885775.0,4954029.0,5024894.0,5100083.0,5180957.0,5267970.0,5360811.0,5458682.0,5560095.0,5663152.0,5766431.0,5868561.0,5968383.0,6065066.0,6158420.0,6250438.0,6341855.0,6430770.0,6516100.0
236,Latin America & the Caribbean (IDA & IBRD countries),TLA,426738769.0,434864266.0,442918815.0,450949564.0,458977501.0,466965316.0,474848687.0,482663302.0,490409338.0,498053021.0,505569501.0,512930188.0,520132018.0,527128668.0,534010124.0,540822976.0,547495145.0,554042691.0,560459472.0,566813381.0,572949377.0,579610152.0,586263141.0,592784484.0,599226878.0,605613677.0,611946736.0,618155029.0,624120970.0,629795751.0,634961078.0,639469895.0,643884393.0,648763330.0
237,Timor-Leste,TLS,758106.0,772655.0,783705.0,795179.0,807115.0,819226.0,831269.0,843341.0,855409.0,866649.0,878360.0,893001.0,909639.0,926721.0,945989.0,969313.0,994564.0,1019362.0,1043076.0,1065540.0,1088486.0,1112976.0,1137676.0,1161555.0,1184830.0,1205813.0,1224562.0,1243235.0,1261845.0,1280438.0,1299995.0,1320942.0,1341296.0,1360596.0
238,Middle East & North Africa (IDA & IBRD countries),TMN,226868111.0,233174871.0,238968838.0,244147588.0,249198247.0,254479053.0,259648021.0,264860153.0,270162305.0,275508430.0,280976957.0,286546301.0,291738620.0,296947926.0,302709154.0,308628177.0,314576732.0,320585896.0,326701327.0,332985938.0,339527169.0,345887176.0,352259724.0,359233517.0,366582958.0,373867247.0,380687450.0,387152617.0,393806257.0,400574097.0,407006855.0,413124452.0,419284769.0,425691336.0
239,Tonga,TON,98727.0,99010.0,99260.0,99492.0,99731.0,99977.0,100195.0,100658.0,101343.0,101982.0,102603.0,103210.0,103804.0,104410.0,105036.0,105633.0,106190.0,106638.0,106932.0,107144.0,107383.0,107611.0,107502.0,107089.0,106626.0,106122.0,105707.0,105415.0,105150.0,104951.0,105254.0,106017.0,106858.0,107773.0
240,South Asia (IDA & IBRD),TSA,1141312704.0,1166480561.0,1192390433.0,1219180082.0,1246157499.0,1272877742.0,1299407301.0,1326007987.0,1352849350.0,1379874856.0,1406945493.0,1434314654.0,1462070145.0,1489358080.0,1515703001.0,1541263909.0,1565892885.0,1589454615.0,1612709085.0,1636411632.0,1660546144.0,1684898004.0,1708706729.0,1731683901.0,1754030304.0,1775545180.0,1797072648.0,1818931519.0,1840534093.0,1861598514.0,1882531620.0,1901911604.0,1919348000.0,1938549529.0
241,Sub-Saharan Africa (IDA & IBRD countries),TSS,516629688.0,530716971.0,544899623.0,559413902.0,574094137.0,589328085.0,605186062.0,621065325.0,637198518.0,653883261.0,671212486.0,689161982.0,707693440.0,726785433.0,746546802.0,766978666.0,788110000.0,810019264.0,832642735.0,855885698.0,879797419.0,904282154.0,929328653.0,955096702.0,981506608.0,1008698799.0,1036155989.0,1063885274.0,1092403973.0,1121549049.0,1151302081.0,1181163013.0,1211190002.0,1241897817.0
242,Trinidad and Tobago,TTO,1266518.0,1276224.0,1285502.0,1293974.0,1301393.0,1307822.0,1313434.0,1318171.0,1322572.0,1327063.0,1332203.0,1338567.0,1345964.0,1353548.0,1361172.0,1369075.0,1376919.0,1384861.0,1392803.0,1401191.0,1410296.0,1420020.0,1430377.0,1440729.0,1450661.0,1460177.0,1469330.0,1478607.0,1504709.0,1519955.0,1518147.0,1525663.0,1531044.0,1534937.0
243,Tunisia,TUN,8440023.0,8622853.0,8802540.0,8977173.0,9143141.0,9294102.0,9430550.0,9557948.0,9677148.0,9788067.0,9893316.0,9995123.0,10094561.0,10193798.0,10292225.0,10388344.0,10483558.0,10580395.0,10680380.0,10784504.0,10895063.0,11032528.0,11174383.0,11300284.0,11428948.0,11557779.0,11685667.0,11811443.0,11933041.0,12049314.0,12161723.0,12262946.0,12356117.0,12458223.0
244,Turkiye,TUR,54324142.0,55321172.0,56302037.0,57296008.0,58310245.0,59305490.0,60293786.0,61277426.0,62242204.0,63185615.0,64113547.0,65072018.0,65988663.0,66867327.0,67785075.0,68704715.0,69601333.0,70158112.0,71051678.0,72039206.0,73142150.0,74223629.0,75175827.0,76147624.0,77181884.0,78218479.0,79277962.0,80312698.0,81407204.0,82579440.0,83384680.0,84147318.0,84979913.0,85326000.0
245,Tuvalu,TUV,9182.0,9354.0,9466.0,9517.0,9559.0,9585.0,9611.0,9630.0,9634.0,9640.0,9638.0,9621.0,9609.0,9668.0,9791.0,9912.0,10030.0,10149.0,10272.0,10408.0,10550.0,10700.0,10854.0,10918.0,10899.0,10877.0,10852.0,10828.0,10865.0,10956.0,11069.0,11204.0,11312.0,11396.0
246,Tanzania,TZA,26206012.0,26890906.0,27580723.0,28469017.0,29598323.0,30560071.0,31140733.0,31785846.0,32626498.0,33499772.0,34463704.0,35414469.0,36353531.0,37333918.0,38360879.0,39439505.0,40562052.0,41716497.0,42870884.0,43957933.0,45110527.0,46416031.0,47786137.0,49253643.0,50814552.0,52542823.0,54401802.0,56267032.0,58090443.0,59872579.0,61704518.0,63588334.0,65497748.0,67438106.0
247,Uganda,UGA,17586630.0,18171935.0,18801966.0,19462958.0,20125021.0,20680831.0,21249572.0,21876935.0,22537658.0,23279247.0,24020697.0,24763325.0,25545090.0,26354736.0,27146084.0,27946588.0,28773227.0,29629804.0,30509862.0,31412520.0,32341728.0,33295738.0,34273295.0,35273570.0,36336539.0,37477356.0,38748299.0,40127085.0,41515395.0,42949080.0,44404611.0,45853778.0,47249585.0,48582334.0
248,Ukraine,UKR,51891400.0,52000500.0,52150400.0,52179200.0,51921400.0,51512800.0,51057800.0,50594600.0,50144500.0,49674000.0,49176500.0,48662400.0,48202470.0,47812949.0,47451626.0,47105171.0,46787786.0,46509355.0,46258189.0,46053331.0,45870741.0,45706086.0,45593342.0,45489648.0,45272155.0,45167350.0,45038236.0,44880758.0,44690584.0,44474512.0,44207754.0,43848986.0,38000000.0,37000000.0
249,Upper middle income,UMC,2089694834.0,2122646055.0,2153048678.0,2181630524.0,2209554204.0,2236974487.0,2264204292.0,2291164795.0,2317182887.0,2341864677.0,2365641663.0,2388674025.0,2410459773.0,2431477678.0,2452531807.0,2473577600.0,2493662803.0,2512581065.0,2532733854.0,2553367200.0,2573584518.0,2594928568.0,2618529566.0,2642664969.0,2666297149.0,2689570305.0,2711688425.0,2733612094.0,2754139881.0,2772716573.0,2787915973.0,2799436415.0,2803249752.0,2810588102.0
250,Uruguay,URY,3117012.0,3135374.0,3153732.0,3171747.0,3189945.0,3208300.0,3226633.0,3245069.0,3262683.0,3278963.0,3292224.0,3300939.0,3306441.0,3310202.0,3313801.0,3317665.0,3322282.0,3328651.0,3336126.0,3344156.0,3352651.0,3361637.0,3371133.0,3381180.0,3391662.0,3402818.0,3413766.0,3422200.0,3427042.0,3428409.0,3429086.0,3426260.0,3422794.0,3423108.0
251,United States,USA,249623000.0,252981000.0,256514000.0,259919000.0,263126000.0,266278000.0,269394000.0,272657000.0,275854000.0,279040000.0,282162411.0,284968955.0,287625193.0,290107933.0,292805298.0,295516599.0,298379912.0,301231207.0,304093966.0,306771529.0,309327143.0,311583481.0,313877662.0,316059947.0,318386329.0,320738994.0,323071755.0,325122128.0,326838199.0,328329953.0,331526933.0,332048977.0,333271411.0,334914895.0
252,Uzbekistan,UZB,20510000.0,20952000.0,21449000.0,21942000.0,22377000.0,22785000.0,23225000.0,23667000.0,24051000.0,24311650.0,24650400.0,24964450.0,25271850.0,25567650.0,25864350.0,26167000.0,26488250.0,26868000.0,27302800.0,27767400.0,28562400.0,29339400.0,29774500.0,30243200.0,30757700.0,31298900.0,31847900.0,32388600.0,32956100.0,33580350.0,34232050.0,34915100.0,35648100.0,36412350.0
253,St. Vincent and the Grenadines,VCT,112487.0,112780.0,113222.0,113621.0,113944.0,114174.0,114290.0,114276.0,114165.0,113995.0,113813.0,113641.0,113450.0,113108.0,112608.0,112043.0,111427.0,110824.0,110316.0,109840.0,109308.0,108703.0,108083.0,107450.0,106912.0,106482.0,105963.0,105549.0,105281.0,104924.0,104632.0,104332.0,103948.0,103698.0
254,"Venezuela, RB",VEN,19750579.0,20226214.0,20700461.0,21172100.0,21640833.0,22107286.0,22572110.0,23037561.0,23503819.0,23966960.0,24427729.0,24880203.0,25330929.0,25782029.0,26226927.0,26668785.0,27102081.0,27525097.0,27933833.0,28327892.0,28715022.0,29096159.0,29470426.0,29838021.0,30193258.0,30529716.0,30741464.0,30563433.0,29825653.0,28971683.0,28490453.0,28199867.0,28301696.0,28838499.0
255,British Virgin Islands,VGB,15617.0,16090.0,16476.0,16855.0,17255.0,17674.0,18120.0,18591.0,19079.0,19586.0,20104.0,20657.0,21288.0,21982.0,22715.0,23497.0,24323.0,25191.0,26115.0,27044.0,27556.0,27962.0,28421.0,28657.0,28971.0,29366.0,29739.0,30060.0,30335.0,30610.0,30910.0,31122.0,31305.0,31538.0
256,Virgin Islands (U.S.),VIR,103963.0,104807.0,105712.0,106578.0,107318.0,107818.0,108095.0,108357.0,108537.0,108599.0,108642.0,108549.0,108509.0,108505.0,108466.0,108453.0,108369.0,108337.0,108397.0,108404.0,108357.0,108290.0,108188.0,108041.0,107882.0,107712.0,107516.0,107281.0,107001.0,106669.0,106290.0,105870.0,105413.0,104917.0
257,Viet Nam,VNM,66912613.0,68358820.0,69788747.0,71176405.0,72501087.0,73759110.0,74946448.0,76058603.0,77128424.0,78123713.0,79001142.0,79817777.0,80642308.0,81475825.0,82311227.0,83142095.0,83951800.0,84762269.0,85597241.0,86482923.0,87411012.0,88349117.0,89301326.0,90267739.0,91235504.0,92191398.0,93126529.0,94033048.0,94914330.0,95776716.0,96648685.0,97468029.0,98186856.0,98858950.0
258,Vanuatu,VUT,150882.0,154678.0,158577.0,162548.0,166560.0,170612.0,174714.0,178871.0,183088.0,187432.0,192074.0,197034.0,202125.0,207258.0,212422.0,217632.0,222923.0,228345.0,233952.0,239689.0,245453.0,251294.0,257313.0,263534.0,269927.0,276438.0,283218.0,290239.0,297298.0,304404.0,311685.0,319137.0,326740.0,334506.0
259,World,WLD,5293498452.0,5382640911.0,5470271607.0,5556732311.0,5642156981.0,5726848893.0,5811694918.0,5896174827.0,5979851049.0,6062415429.0,6144444748.0,6226487141.0,6308284566.0,6389592840.0,6471033757.0,6552787172.0,6635162568.0,6717583637.0,6801421733.0,6885608628.0,6969894715.0,7053988749.0,7141430933.0,7229458453.0,7317304568.0,7404251118.0,7490956237.0,7577110140.0,7661177849.0,7742724795.0,7821271846.0,7888963821.0,7951595433.0,8024997028.0
260,Samoa,WSM,168186.0,168701.0,169799.0,171362.0,173107.0,174902.0,176713.0,178543.0,180385.0,182211.0,184008.0,185530.0,186630.0,187440.0,188073.0,188626.0,189379.0,190478.0,191787.0,193176.0,194672.0,196351.0,198124.0,199939.0,201757.0,203571.0,205544.0,207630.0,209701.0,211905.0,214929.0,218764.0,222382.0,225681.0
261,Kosovo,XKX,1964986.0,2001982.0,2039030.0,2073990.0,2107947.0,2141405.0,2173716.0,2204865.0,2090490.0,1888579.0,1823286.0,1840256.0,1846786.0,1839425.0,1832239.0,1825050.0,1817659.0,1810222.0,1803370.0,1797466.0,1792563.0,1799338.0,1807106.0,1818117.0,1812771.0,1788196.0,1777557.0,1791003.0,1797085.0,1788878.0,1790133.0,1786038.0,1768086.0,1756374.0
262,"Yemen, Rep.",YEM,13375121.0,13895851.0,14433771.0,14988047.0,15553171.0,16103339.0,16614326.0,17108681.0,17608133.0,18114552.0,18628700.0,19143457.0,19660653.0,20188799.0,20733406.0,21320671.0,21966298.0,22641538.0,23329004.0,24029589.0,24743946.0,25475610.0,26223391.0,26984002.0,27753304.0,28516545.0,29274002.0,30034389.0,30790513.0,31546691.0,32284046.0,32981641.0,33696614.0,34449825.0
263,South Africa,ZAF,39877570.0,40910959.0,41760755.0,42525440.0,43267982.0,43986084.0,44661603.0,45285048.0,45852166.0,46364681.0,46813266.0,47229714.0,47661514.0,48104048.0,48556071.0,49017147.0,49491756.0,49996094.0,50565812.0,51170779.0,51784921.0,52443325.0,53145033.0,53873616.0,54729551.0,55876504.0,56422274.0,56641209.0,57339635.0,58087055.0,58801927.0,59392255.0,59893885.0,60414495.0
264,Zambia,ZMB,7686401.0,7880466.0,8074337.0,8270917.0,8474216.0,8684135.0,8902019.0,9133156.0,9372430.0,9621238.0,9891136.0,10191964.0,10508294.0,10837973.0,11188040.0,11564870.0,11971567.0,12402073.0,12852966.0,13318087.0,13792086.0,14265814.0,14744658.0,15234976.0,15737793.0,16248230.0,16767761.0,17298054.0,17835893.0,18380477.0,18927715.0,19473125.0,20017675.0,20569737.0
265,Zimbabwe,ZWE,10113893.0,10377815.0,10641501.0,10794918.0,10858594.0,10994041.0,11178171.0,11362401.0,11548364.0,11716454.0,11834676.0,11910978.0,11984644.0,12075828.0,12160881.0,12224753.0,12330490.0,12450568.0,12550347.0,12679810.0,12839771.0,13025785.0,13265331.0,13555422.0,13855753.0,14154937.0,14452704.0,14751101.0,15052184.0,15354608.0,15669666.0,15993524.0,16320537.0,16665409.0
